neutrophil,epithelial,lymphocyte,plasma,eosinophil,connective
0,117,0,0,0,0
0,95,1,0,0,8
0,172,3,0,0,2
0,56,0,0,0,10
0,169,7,0,0,0
0,181,4,0,0,8
0,118,5,2,0,6
0,152,8,0,0,7
0,45,49,7,3,26
0,60,37,14,0,17
0,67,31,4,0,18
0,53,32,9,1,27
0,0,2,2,0,2
0,0,7,0,0,11
0,0,8,0,0,35
0,0,5,2,0,26
0,55,11,24,2,28
0,69,19,30,1,24
0,56,10,33,1,27
0,46,17,53,4,44
0,58,1,0,0,0
0,61,1,0,0,6
0,46,4,0,0,11
0,59,0,0,0,6
1,0,17,3,6,20
0,0,10,2,3,29
0,0,7,4,3,31
1,0,7,1,3,20
1,0,6,0,0,24
5,0,7,2,0,16
4,0,5,0,0,6
2,0,3,0,0,15
0,0,16,19,0,45
0,0,117,3,0,67
0,0,61,10,3,81
0,0,161,3,0,68
0,0,15,0,0,21
0,0,10,0,0,20
0,0,21,2,0,27
1,0,56,8,1,23
0,0,1,0,0,52
0,0,2,0,0,33
0,0,3,0,0,48
0,0,3,0,0,32
0,88,2,0,0,1
0,91,5,1,0,7
0,91,20,4,0,13
0,112,2,0,0,3
0,39,9,2,0,18
0,28,14,1,0,23
0,30,37,9,0,23
0,41,9,2,0,10
8,0,3,0,0,1
0,0,1,0,0,6
0,0,0,0,0,5
0,0,0,0,0,7
0,88,48,8,1,22
0,49,114,9,10,17
0,91,27,3,4,21
0,52,22,2,0,13
4,0,4,0,0,6
0,0,0,0,0,14
0,0,2,0,0,0
0,0,1,0,0,16
0,0,0,0,0,33
0,0,1,0,0,9
0,0,0,0,0,11
0,0,0,0,0,10
0,0,0,0,0,5
0,0,1,0,0,35
0,0,4,0,0,26
0,0,0,0,0,16
0,0,1,0,0,14
0,0,2,0,0,18
0,0,1,0,0,32
0,0,3,0,0,34
0,0,1,0,0,18
0,0,0,0,1,12
0,0,0,0,0,8
0,0,1,0,0,23
0,4,1,0,0,35
0,3,0,0,0,21
0,0,1,0,0,3
0,0,0,0,0,1
0,14,1,1,0,37
0,39,1,0,0,19
0,28,1,0,0,17
0,16,2,0,0,9
0,0,0,0,0,0
0,0,5,1,0,42
0,0,2,0,0,29
0,2,0,0,0,23
0,0,0,0,0,11
0,0,0,0,0,0
0,1,0,0,0,11
0,20,1,0,0,8
0,2,0,0,0,20
0,18,0,0,0,3
0,0,0,0,0,1
0,0,0,0,0,0
0,30,3,0,0,20
0,0,2,2,0,24
0,45,0,0,0,0
0,58,2,0,0,17
0,60,3,0,0,12
0,32,1,0,0,18
0,33,2,0,0,15
0,48,1,1,0,2
0,38,4,1,0,14
0,66,4,0,0,11
0,0,0,0,0,20
0,53,1,0,0,1
0,100,2,1,0,1
0,53,2,1,0,9
0,77,2,1,0,12
0,9,0,0,0,4
0,26,1,0,0,8
0,26,1,0,0,8
0,58,2,0,0,1
0,17,1,0,0,9
0,8,1,0,0,16
0,17,5,3,0,13
0,25,5,2,0,25
0,49,2,0,0,18
0,40,1,1,0,9
1,37,4,2,0,8
1,14,4,0,0,18
0,80,1,0,0,0
0,27,1,0,0,13
0,70,2,0,0,12
0,45,3,1,0,21
0,75,2,0,0,11
0,84,2,0,0,1
0,62,3,0,1,11
0,72,1,0,0,3
0,56,3,0,0,20
0,54,4,7,0,12
0,95,2,4,0,5
0,101,14,13,3,25
0,14,7,3,1,34
0,0,0,0,0,2
0,45,15,18,1,17
0,67,10,5,0,4
0,62,8,3,0,21
1,83,19,12,2,13
0,24,24,10,0,40
0,28,12,9,1,6
0,57,10,10,0,13
0,55,5,5,0,12
0,60,12,5,0,13
0,84,7,6,1,4
0,22,17,7,0,17
0,22,11,5,0,8
0,44,11,8,0,16
0,41,11,6,1,5
0,59,12,8,0,12
1,10,45,30,3,34
0,31,22,17,1,18
0,49,8,7,1,4
0,47,8,6,0,5
0,69,17,10,0,4
0,7,28,3,0,21
0,25,27,8,1,24
0,38,3,5,0,4
0,45,11,5,0,12
0,45,4,17,0,8
0,0,0,0,0,1
0,0,1,1,0,5
0,74,9,4,1,24
0,121,13,7,2,7
0,94,19,5,1,14
0,56,9,9,1,6
0,0,12,3,0,34
0,2,20,3,0,46
0,29,16,3,0,35
1,54,1,0,0,7
0,25,16,7,1,45
0,0,18,1,0,33
1,2,32,7,0,59
0,44,4,1,0,20
0,40,6,3,0,26
0,26,12,4,0,27
0,17,16,2,0,30
0,37,9,3,0,38
0,22,34,7,0,41
0,57,3,0,0,12
1,33,16,1,0,35
1,10,21,7,0,54
0,38,11,1,1,33
0,31,17,3,0,32
0,31,17,4,0,32
1,27,5,1,0,33
0,56,8,0,0,17
0,6,16,2,0,51
0,42,0,0,0,11
1,37,21,7,0,32
0,35,8,4,0,28
0,50,3,0,0,11
0,31,17,4,0,38
0,46,7,1,0,9
0,27,22,10,1,36
0,16,13,2,0,57
0,1,38,32,0,65
0,21,24,21,0,54
0,50,9,2,0,28
0,40,4,2,0,15
0,24,7,3,0,32
0,28,17,3,0,28
0,0,0,0,0,19
0,0,0,0,0,11
2,38,0,0,0,2
1,25,0,0,0,1
0,24,0,0,0,8
0,0,1,0,0,27
1,10,0,1,0,16
0,56,0,0,0,7
0,19,0,0,0,2
1,36,0,0,0,2
0,0,0,0,0,11
0,49,1,0,0,11
1,33,0,0,0,4
0,35,1,0,0,6
0,47,0,0,0,8
0,20,2,1,0,18
0,69,1,0,0,2
0,21,2,0,0,3
0,51,1,1,0,9
2,27,0,0,0,3
0,46,0,0,0,8
2,32,2,0,0,8
0,39,1,0,0,6
0,30,0,0,0,5
0,29,0,0,0,8
0,42,1,0,0,6
1,31,0,0,0,10
0,33,1,0,0,7
2,23,0,0,0,3
1,39,0,0,0,8
0,24,0,0,0,5
0,33,0,0,0,15
2,48,0,0,0,6
0,30,0,0,0,0
0,27,1,0,0,10
0,22,0,0,0,7
0,35,30,20,1,38
0,42,27,22,3,49
0,45,25,20,3,45
0,24,20,12,0,21
0,53,23,21,0,23
0,15,47,19,4,67
0,42,26,30,4,43
0,41,33,19,2,45
2,56,20,21,0,34
0,64,12,15,0,28
0,32,44,5,2,50
0,45,33,11,4,28
0,33,30,22,3,38
0,48,23,21,1,43
0,64,12,20,0,22
0,20,89,19,2,47
0,28,67,13,5,45
0,40,17,15,6,38
1,41,16,22,6,47
1,41,24,19,6,45
1,0,13,2,1,73
0,35,40,14,2,45
0,36,35,28,3,41
0,48,12,15,4,36
0,63,18,19,0,37
0,0,21,5,0,88
0,11,48,11,2,87
0,40,27,13,3,42
1,36,18,34,0,45
0,37,28,42,3,37
0,51,24,20,0,27
0,67,12,15,1,24
0,55,14,18,1,25
1,39,23,22,5,51
0,68,15,17,0,29
0,46,24,35,3,31
1,26,30,5,0,22
3,88,31,2,0,14
0,32,24,8,1,16
1,44,4,1,0,4
0,11,4,0,1,0
0,11,44,2,0,19
0,0,4,0,0,3
0,12,0,0,0,0
0,16,0,0,0,0
0,4,3,0,0,0
1,51,27,8,2,18
0,86,27,11,4,17
3,86,53,18,3,25
2,85,36,14,2,32
2,104,50,9,7,27
0,68,35,12,2,25
3,79,58,9,5,22
2,31,171,26,1,36
1,91,169,6,0,19
4,80,92,8,7,29
0,80,43,1,1,21
4,83,38,15,3,21
2,55,278,9,0,18
0,0,391,2,0,13
3,80,133,4,0,28
1,87,47,7,1,20
1,78,44,3,2,30
1,50,216,9,0,28
0,0,450,1,0,4
1,65,253,8,0,16
0,44,3,0,0,0
0,25,2,0,0,1
8,98,58,16,5,33
7,81,58,14,12,28
10,83,70,19,7,24
13,65,110,19,11,17
0,52,3,0,0,9
0,49,4,1,0,6
1,21,4,0,0,7
0,25,3,0,0,11
0,38,8,0,0,8
1,45,3,0,0,4
0,39,1,0,0,7
1,56,2,0,0,2
0,45,2,1,0,1
0,43,6,0,0,10
1,26,5,0,0,6
3,37,3,0,0,6
0,23,3,1,0,14
3,35,5,1,0,1
3,33,2,1,0,17
3,21,4,1,0,11
8,19,7,0,1,9
6,25,5,1,0,8
4,22,5,0,1,7
17,21,7,0,0,12
2,25,3,2,1,11
2,16,8,2,0,27
9,30,12,0,1,13
4,38,4,0,0,9
9,26,2,2,0,4
1,33,4,1,0,11
5,48,2,0,0,5
4,62,4,1,0,4
14,43,3,0,1,8
18,8,8,0,2,25
0,43,8,1,0,27
2,32,1,0,0,7
6,23,5,1,0,15
12,30,6,0,0,6
12,17,11,1,0,16
17,7,5,2,0,12
0,6,22,16,2,69
0,56,2,13,0,18
0,37,5,3,0,11
0,25,5,9,0,8
0,2,0,0,0,0
0,0,4,0,3,55
0,4,23,24,4,75
0,77,3,0,0,19
0,18,1,5,0,8
0,20,16,19,1,44
3,0,1,4,0,29
0,0,8,3,9,53
1,2,4,2,2,62
1,15,15,3,1,46
0,53,24,13,9,47
2,0,4,0,0,15
1,0,2,0,0,21
0,0,0,0,0,13
0,0,1,1,0,39
0,0,3,0,2,47
0,0,1,0,0,13
0,0,1,0,0,8
0,0,4,0,0,6
3,0,6,0,0,27
0,0,1,0,0,17
0,0,0,0,0,22
0,0,0,0,0,7
0,0,0,0,0,9
0,0,1,0,0,11
0,0,1,0,0,5
0,31,7,5,1,24
1,15,6,18,1,16
0,39,19,18,7,38
1,0,5,1,0,57
1,0,3,0,0,15
1,0,2,0,0,6
0,14,1,0,0,0
0,8,0,0,0,0
0,71,6,0,0,8
0,64,22,6,0,20
0,85,5,0,0,10
0,93,1,0,0,1
0,76,1,0,0,0
0,105,3,1,0,4
0,35,17,7,0,19
0,68,5,0,0,12
0,119,0,0,0,0
0,89,3,0,0,3
0,54,13,12,0,35
1,81,2,0,0,4
0,73,2,0,0,4
0,107,5,0,0,0
0,39,0,0,0,0
0,84,4,1,0,4
0,101,2,0,0,1
0,14,0,0,0,0
0,81,7,1,0,7
0,14,0,0,0,0
0,77,0,0,0,0
0,100,6,2,0,19
0,31,0,0,0,0
0,35,16,5,0,49
0,84,1,1,0,0
0,109,3,0,0,1
0,91,2,1,1,7
0,107,1,0,0,0
0,63,7,4,0,5
0,111,3,0,0,0
1,50,31,0,0,46
0,88,2,1,0,1
0,56,4,2,0,6
0,118,2,0,0,7
0,0,0,0,0,1
0,0,0,0,0,0
0,0,1,0,0,0
0,46,15,10,0,16
0,11,6,5,0,12
0,51,10,15,2,18
0,22,18,20,5,12
0,0,0,0,0,0
0,38,15,17,1,21
0,32,13,1,0,17
0,91,8,4,2,8
0,63,10,16,9,17
0,12,0,1,0,1
0,49,18,16,1,19
0,18,9,9,0,14
0,27,12,4,3,35
0,64,25,27,16,59
0,61,14,12,3,17
0,31,8,3,0,12
0,33,13,12,1,26
0,0,8,0,0,27
0,0,11,3,1,25
0,15,46,15,4,38
0,37,4,11,1,27
0,53,11,12,3,21
0,0,25,5,1,25
0,0,8,1,2,24
0,0,9,6,0,28
0,0,2,0,0,4
0,22,16,26,4,12
0,33,51,23,0,26
0,37,28,14,3,15
0,39,24,29,2,16
0,48,11,5,0,7
0,26,3,2,0,16
1,70,8,6,1,24
0,57,2,2,0,1
0,62,17,3,0,20
0,11,11,3,1,41
0,0,3,0,0,18
0,0,0,0,0,7
0,30,0,0,0,0
0,83,3,2,0,2
0,72,10,3,1,6
0,15,13,12,0,43
0,0,7,0,0,23
0,40,2,0,0,2
0,74,5,7,0,8
0,59,0,1,0,1
0,41,12,6,2,32
0,43,12,2,0,35
0,26,14,9,0,16
0,39,10,16,0,13
0,87,10,11,1,14
0,91,11,5,0,6
0,56,7,1,0,6
0,7,14,3,0,13
0,24,3,0,0,3
0,15,2,0,0,0
0,36,57,4,0,7
0,1,2,0,0,3
0,6,10,1,1,13
0,1,4,7,0,12
0,14,1,0,0,7
0,7,18,1,0,5
0,14,1,1,0,2
0,0,0,0,0,8
0,0,0,0,0,1
0,2,5,1,0,10
0,5,78,17,0,28
0,51,43,14,0,9
0,61,9,8,1,11
0,54,11,0,3,12
0,25,0,0,0,0
0,51,1,0,0,3
0,81,7,0,0,11
0,50,12,4,0,25
1,60,25,4,0,43
0,35,2,0,0,5
0,53,13,8,0,36
0,57,26,7,2,35
0,68,22,5,0,24
0,46,9,10,0,29
0,37,1,1,0,0
0,60,6,0,0,16
0,64,34,11,3,42
0,66,17,10,5,35
0,53,16,7,0,27
0,41,2,0,0,0
0,53,10,1,1,34
0,71,30,16,1,43
1,79,29,14,6,40
0,36,19,10,2,44
0,42,3,0,0,2
0,48,15,9,2,33
0,57,36,12,1,46
0,56,33,15,2,37
0,42,1,0,0,6
0,37,2,0,0,2
0,56,2,0,0,8
0,46,44,16,2,40
0,62,38,11,1,41
0,70,23,10,3,27
0,76,31,5,3,40
0,86,22,10,6,28
0,74,24,7,1,29
0,63,9,1,0,25
0,68,25,22,0,37
0,12,37,9,0,99
0,67,18,3,0,27
0,61,18,2,0,4
0,34,21,0,0,12
0,49,33,6,0,14
0,0,53,10,2,81
0,53,32,9,0,26
0,36,17,2,0,8
0,42,13,3,0,6
0,56,37,28,0,21
0,95,30,3,0,10
0,90,21,1,0,9
0,55,22,0,0,18
0,20,30,10,1,33
0,32,38,12,1,38
1,93,27,5,0,28
0,33,24,1,0,20
0,45,14,1,0,3
0,51,33,4,0,16
0,18,83,38,0,40
0,47,50,9,0,42
0,43,12,3,0,9
0,47,10,1,0,10
0,41,29,5,0,28
0,27,40,13,0,25
0,12,36,4,0,23
0,64,14,3,0,16
0,44,8,2,0,8
0,25,25,6,0,31
0,26,27,1,0,18
0,26,34,10,1,31
0,34,32,7,0,28
0,27,32,7,1,32
0,17,43,8,0,18
0,11,60,18,0,24
2,20,60,22,0,29
0,79,2,0,0,5
0,32,8,0,0,10
0,37,1,1,0,3
0,44,4,1,0,6
1,44,5,0,0,7
1,36,4,1,0,7
1,26,4,0,0,4
2,24,4,0,0,5
1,58,1,0,0,3
0,48,3,1,0,13
0,30,12,0,0,6
1,22,2,0,0,15
0,16,0,0,0,17
1,34,2,1,0,7
0,58,6,0,0,8
0,52,2,0,0,0
1,16,7,0,0,12
0,22,1,0,0,6
1,31,2,0,0,3
3,44,3,5,0,0
1,48,7,0,0,6
0,61,1,0,0,6
3,49,3,0,0,8
0,31,5,2,0,9
6,40,3,1,0,7
3,47,4,1,1,9
1,32,7,0,0,13
3,27,5,3,0,14
1,40,5,1,0,9
2,52,5,0,0,2
0,58,6,0,0,8
2,56,4,1,0,5
1,57,2,0,0,7
2,49,2,0,0,3
3,57,3,0,0,3
0,71,2,0,0,0
1,55,6,5,0,13
1,21,10,0,0,11
0,63,3,1,0,6
0,48,5,1,0,6
0,45,8,2,1,11
1,29,6,1,0,14
0,51,7,2,1,12
1,46,5,0,0,3
2,29,10,2,0,11
0,30,6,3,0,17
1,45,6,0,0,4
1,61,1,2,0,8
0,61,7,1,0,14
1,103,9,3,0,11
1,73,12,2,0,2
1,56,3,1,0,0
0,66,8,0,0,6
0,73,12,0,0,7
0,56,4,0,0,1
0,48,11,0,0,3
0,47,4,1,0,11
0,43,3,0,0,1
0,32,5,1,0,8
0,43,5,1,0,3
1,70,8,2,0,4
0,54,8,1,0,6
0,33,1,1,0,5
2,35,8,0,0,17
0,42,5,0,0,3
1,65,9,0,0,7
0,45,4,1,0,1
3,50,7,0,0,1
0,56,5,0,0,2
2,51,12,0,1,1
1,29,5,5,0,4
0,35,8,1,0,13
9,17,5,1,1,24
4,9,0,0,0,0
4,7,0,0,0,0
5,40,0,0,0,1
1,13,0,0,0,0
10,0,7,0,3,40
6,45,3,0,0,8
7,15,0,0,0,4
4,39,1,0,0,1
6,41,1,0,0,3
8,0,2,0,1,17
15,14,3,1,0,32
15,30,0,0,1,12
0,55,0,0,0,9
0,31,3,0,0,7
0,0,0,0,0,19
31,0,10,1,3,38
21,13,4,0,0,19
3,43,3,0,0,3
0,38,1,0,0,5
0,0,0,0,0,18
17,0,8,0,5,40
20,8,2,0,0,40
9,22,0,1,0,0
5,29,0,0,0,0
3,0,4,0,1,11
17,0,7,0,3,24
27,16,5,1,1,27
2,32,1,0,0,1
2,37,0,0,0,5
2,57,6,0,1,9
1,34,0,0,0,1
2,24,1,0,0,1
2,26,1,0,0,1
1,18,1,0,0,2
2,42,0,0,0,2
0,44,2,0,0,18
0,71,0,0,0,1
0,83,0,0,0,7
0,63,0,0,0,2
0,63,0,0,0,1
0,25,0,0,0,13
0,7,1,0,0,5
0,18,1,0,0,2
0,26,4,0,0,0
0,60,0,0,0,2
0,0,3,0,0,1
0,0,0,0,0,0
0,0,0,0,0,0
0,0,0,0,0,0
0,0,1,0,0,1
0,0,0,0,0,0
0,0,0,0,0,0
0,0,0,0,0,0
0,0,0,0,0,0
0,0,0,0,0,0
0,0,0,0,0,0
0,0,0,0,0,0
0,0,0,0,0,0
0,0,0,0,0,0
0,0,0,0,0,0
0,0,0,0,0,0
0,0,0,0,0,0
0,0,0,0,0,0
0,0,0,0,0,0
0,0,0,0,0,0
0,0,0,0,0,9
0,15,2,0,0,9
0,0,1,0,0,1
0,0,0,0,0,0
0,0,0,0,0,0
0,0,0,0,0,0
0,84,15,7,4,19
0,59,22,3,1,25
0,41,20,4,0,42
0,65,14,4,0,54
0,51,3,0,0,8
0,87,13,4,2,19
0,91,11,2,3,23
0,68,9,2,0,12
0,51,13,4,0,34
0,63,22,3,1,32
0,56,30,10,3,41
0,87,8,8,0,26
0,99,12,2,3,44
0,66,15,6,2,27
0,39,9,6,1,18
0,6,29,4,2,66
0,130,22,5,5,38
0,67,7,3,0,4
0,88,9,2,2,16
0,60,7,3,0,38
0,0,5,2,0,28
0,0,21,1,2,72
0,85,27,7,4,61
0,63,12,4,2,40
0,83,6,2,0,22
0,0,2,0,0,30
0,0,7,1,0,40
0,0,38,13,1,60
0,69,36,17,0,61
0,71,5,2,0,21
0,27,1,0,0,0
0,12,2,0,0,0
0,55,1,0,0,2
0,38,4,1,0,15
0,37,14,4,0,23
0,109,4,0,0,13
0,51,9,10,0,42
1,40,17,12,0,59
0,12,21,18,1,57
0,4,0,0,0,0
0,0,0,0,0,0
0,55,11,5,0,45
0,48,10,8,0,41
0,10,18,25,0,71
0,7,1,0,0,7
0,0,0,0,0,0
0,38,18,4,1,46
0,36,14,18,1,60
0,24,21,23,1,57
0,0,1,1,0,4
0,0,0,0,0,0
0,66,3,8,0,38
0,46,10,13,0,50
0,5,14,33,1,50
0,4,1,5,0,5
0,0,0,0,0,0
0,7,2,16,1,47
0,4,18,38,1,73
0,8,9,8,0,28
0,5,1,0,0,3
0,0,0,0,0,0
0,25,10,14,1,42
0,1,19,14,0,46
0,0,0,0,0,0
0,0,0,0,0,0
0,0,0,0,0,0
0,0,0,0,0,0
0,0,0,0,0,0
0,0,0,0,0,0
0,0,0,0,0,0
0,0,0,0,0,0
0,0,0,0,0,0
0,0,1,0,0,16
0,0,0,0,0,25
0,0,1,0,0,38
0,0,0,0,0,30
0,0,2,0,0,40
0,0,0,1,0,26
0,0,0,0,0,24
0,0,0,0,0,38
0,0,0,0,0,24
0,0,0,0,0,9
0,0,0,0,0,19
0,0,0,0,0,9
0,1,0,0,0,13
0,18,1,0,0,16
0,42,0,0,0,6
0,12,0,0,0,13
0,52,0,0,0,7
0,35,1,0,0,1
0,12,1,0,0,0
0,2,0,0,0,0
0,86,0,0,0,2
0,18,0,1,0,0
0,0,0,0,0,0
0,0,0,0,0,0
0,0,0,0,0,0
0,102,2,3,0,0
0,5,1,0,0,0
0,0,0,0,0,0
0,0,1,0,0,0
0,0,2,0,0,0
0,0,0,0,0,17
0,26,0,0,0,5
0,21,0,0,0,0
0,0,0,0,0,0
0,0,0,0,0,0
0,0,2,0,0,0
0,74,9,0,0,11
0,87,9,1,0,20
0,27,8,0,0,24
0,50,1,0,0,7
0,15,1,0,0,20
0,62,7,0,0,16
0,56,5,0,0,10
0,29,4,0,0,42
0,90,6,1,0,7
0,25,2,0,0,20
0,25,6,1,0,21
0,31,5,0,0,27
0,53,5,1,0,35
0,83,6,1,0,26
0,37,5,0,0,15
0,14,10,2,1,41
0,81,2,0,0,18
0,56,5,0,0,26
0,97,5,0,0,10
1,54,1,0,0,17
0,45,8,1,0,31
0,19,7,1,0,36
1,15,5,0,0,51
2,29,16,1,0,50
0,31,9,0,0,33
0,71,5,1,0,32
0,80,5,0,0,7
0,18,21,0,0,38
1,17,10,0,0,38
0,0,14,1,0,49
0,0,10,0,1,36
0,0,8,0,0,40
0,0,3,0,0,21
0,0,11,2,0,28
0,0,5,2,0,36
0,0,4,1,0,34
1,38,13,1,0,33
0,66,6,1,0,12
0,77,6,0,0,25
0,68,9,0,0,22
0,58,3,1,0,35
0,50,4,0,0,12
0,97,4,1,0,20
0,80,3,0,0,20
0,59,5,1,0,39
0,53,8,0,0,55
0,39,3,0,0,24
0,81,1,0,0,17
0,67,2,0,0,17
1,64,6,1,0,27
1,56,5,0,0,30
0,71,0,0,0,13
0,94,2,0,0,12
0,90,4,0,0,17
0,43,6,1,0,28
0,58,7,1,0,61
0,61,0,0,0,22
0,71,2,1,0,24
0,86,4,0,0,16
0,69,2,0,0,26
0,54,2,1,0,54
0,98,3,0,0,20
0,45,4,0,1,46
0,57,5,0,0,42
0,23,7,0,0,90
0,143,5,0,0,3
0,25,7,1,1,68
0,62,17,1,0,42
0,88,3,0,0,18
0,81,2,0,0,35
0,76,3,0,0,9
0,89,5,0,0,5
0,60,9,2,0,8
0,67,11,9,0,10
0,47,12,14,0,20
0,77,1,0,0,1
0,50,6,1,0,6
2,61,27,13,0,22
0,59,17,32,0,26
0,49,29,33,0,28
0,69,8,16,0,22
0,86,9,10,0,16
0,65,13,15,0,22
0,52,27,16,1,21
0,55,13,32,0,27
2,56,30,20,0,29
0,74,4,9,0,7
3,67,26,22,1,20
3,46,27,13,0,22
0,57,19,26,0,17
0,58,21,43,0,19
0,46,9,8,0,19
0,52,11,16,0,15
0,57,17,26,0,13
0,53,29,24,0,23
0,80,5,2,0,3
0,15,1,0,0,0
0,60,7,6,0,2
0,56,16,11,0,16
0,71,4,0,0,2
0,19,0,1,0,0
0,21,2,1,0,3
0,91,3,1,0,3
1,78,5,7,0,13
0,46,0,4,0,4
0,54,0,0,0,0
0,0,0,0,0,0
0,62,1,0,0,0
0,2,3,0,1,48
0,0,3,0,1,36
0,0,6,0,0,34
0,0,7,0,0,50
0,1,3,0,1,54
0,0,10,0,2,66
0,0,12,0,1,58
0,0,8,0,1,47
0,0,2,0,2,62
0,0,12,0,1,58
0,0,2,0,0,57
0,0,10,7,0,49
0,0,3,3,0,55
0,0,3,0,0,48
0,0,9,0,1,57
0,132,1,0,0,5
0,58,0,0,0,17
0,22,3,8,0,49
0,0,3,0,0,37
0,0,9,0,0,57
0,91,1,0,0,3
0,106,3,0,0,6
0,84,1,0,0,3
0,24,0,0,0,36
0,0,3,0,0,25
0,120,12,0,0,0
0,125,2,0,0,1
0,115,3,0,0,4
0,91,1,0,0,4
1,11,2,0,0,37
4,19,10,0,0,3
0,35,4,0,0,30
1,16,4,1,0,27
1,0,9,0,0,60
0,0,4,0,1,44
0,0,6,0,0,37
0,39,5,0,0,2
0,50,20,1,0,16
0,70,5,1,0,13
0,56,36,27,3,40
0,74,13,14,1,33
1,0,1,0,0,0
0,3,7,4,0,3
0,28,12,3,0,4
0,20,64,29,2,70
0,61,16,12,5,29
0,0,0,0,0,0
0,51,28,6,0,15
0,59,63,16,1,41
1,47,38,18,2,36
0,133,8,7,1,10
0,26,16,1,1,7
0,81,17,6,0,25
0,40,30,8,0,18
0,42,17,11,5,21
0,79,27,4,10,40
0,45,11,0,0,6
0,43,29,8,3,37
0,55,43,11,0,25
0,54,22,21,0,27
1,111,13,6,3,17
0,47,41,0,0,5
0,69,41,9,1,50
0,66,31,5,0,23
0,46,16,3,2,16
0,74,10,1,2,20
0,45,22,1,5,30
0,85,9,1,5,27
1,150,19,4,6,28
0,56,25,6,6,38
0,2,66,4,7,68
4,16,79,8,8,67
0,84,3,2,0,0
0,74,5,2,0,21
0,26,5,0,0,29
0,103,2,0,0,15
0,51,0,0,0,8
0,52,8,0,0,27
0,26,4,0,0,36
0,27,6,0,0,52
0,103,1,1,0,9
0,99,0,0,0,2
0,91,3,0,0,11
0,122,1,0,0,4
0,58,3,0,0,28
0,81,0,0,0,9
0,44,0,1,0,10
0,69,6,0,0,17
0,72,0,0,0,5
0,72,0,0,0,4
0,41,1,0,0,1
0,41,0,0,0,0
0,65,8,0,0,23
0,48,0,0,1,2
1,61,1,0,0,7
0,69,0,1,0,5
0,85,1,3,0,23
1,72,3,0,0,9
0,65,2,0,0,5
0,44,1,0,0,0
0,55,1,0,0,5
0,65,5,0,0,27
0,57,2,0,0,0
0,67,1,0,0,9
0,36,0,0,0,2
0,33,1,0,0,9
0,56,4,0,0,12
0,38,2,0,0,30
0,0,0,0,0,0
1,11,28,9,3,35
0,40,20,12,2,22
0,44,8,4,0,10
0,64,4,11,2,9
0,0,0,0,0,0
0,0,5,0,0,3
0,16,13,4,0,10
0,26,35,13,4,34
0,29,4,5,2,15
0,0,0,0,0,0
0,0,0,0,0,0
0,0,0,0,0,0
0,11,7,1,0,9
0,37,42,12,1,10
0,0,0,0,0,0
0,0,0,0,0,0
0,0,0,0,0,0
0,0,0,0,0,0
0,23,3,16,2,13
0,0,0,0,0,0
0,0,0,0,0,0
0,0,0,0,0,0
0,0,0,0,0,0
0,0,0,0,0,0
0,0,0,0,0,0
0,0,0,0,0,0
0,0,0,0,0,0
0,0,0,0,0,0
0,0,0,0,0,0
0,59,7,3,1,9
0,73,6,8,1,12
0,69,9,12,0,6
0,66,13,13,0,10
1,7,8,0,1,13
0,0,0,0,0,0
3,80,10,2,0,3
1,62,12,1,0,6
5,5,21,7,0,54
1,0,20,23,0,43
1,0,7,1,0,44
5,64,9,3,0,5
0,50,5,0,0,12
4,80,9,3,1,4
4,8,27,9,0,49
0,0,5,1,0,45
0,87,6,2,0,6
0,61,7,1,0,8
0,70,3,1,0,9
4,80,12,0,0,3
1,1,15,6,1,54
1,68,3,1,0,0
0,36,11,0,0,11
0,57,11,1,0,10
30,49,5,2,0,0
0,48,21,2,0,38
1,64,8,0,0,2
2,85,4,2,0,2
9,32,0,1,0,6
1,82,9,4,0,1
0,109,4,1,0,0
4,73,6,0,0,3
15,13,2,0,0,0
10,2,2,1,0,0
4,82,7,0,0,1
2,77,6,1,0,14
1,49,8,2,0,26
1,0,23,11,1,62
0,0,7,8,0,38
0,0,6,1,0,53
0,24,16,5,0,39
1,79,14,1,0,6
0,0,0,0,0,11
0,3,0,0,0,5
0,0,0,0,0,21
0,44,1,0,0,6
0,36,0,0,0,13
0,0,0,0,0,10
0,1,0,0,0,6
0,0,0,0,0,6
0,0,0,0,0,16
0,8,0,0,0,15
14,15,36,4,0,2
10,0,8,4,0,0
1,1,0,0,0,9
0,0,0,0,0,5
0,0,0,0,0,15
0,15,0,0,0,7
1,26,3,1,0,1
1,32,1,0,0,5
3,36,5,0,0,1
0,0,0,0,0,6
0,68,0,0,0,0
0,22,0,0,0,6
0,5,0,0,0,16
0,31,0,0,0,3
0,0,0,1,0,10
0,22,0,0,0,5
0,49,0,0,0,4
0,17,1,0,0,11
0,0,0,0,0,17
0,0,0,0,0,14
3,14,12,2,0,14
2,16,12,1,0,16
0,0,0,0,0,19
0,0,0,0,0,19
0,31,0,0,0,7
0,0,0,0,0,15
0,0,0,0,0,0
0,3,3,0,0,16
0,33,11,1,0,31
0,83,1,0,0,11
0,56,4,0,0,14
0,0,0,0,0,0
0,73,3,0,0,10
0,75,3,0,0,18
0,61,3,0,0,30
0,69,2,0,0,30
1,0,2,0,0,4
0,73,7,2,0,26
0,94,0,0,0,9
0,91,1,0,0,13
0,83,2,0,0,6
0,20,2,0,0,6
0,100,5,0,0,7
0,70,2,0,0,19
0,69,4,0,0,26
0,59,1,0,0,19
1,1,1,1,0,12
0,101,2,0,0,12
0,103,1,0,0,7
1,100,3,0,0,10
0,98,0,0,0,8
1,9,6,1,0,5
0,45,0,0,0,14
0,51,4,1,0,26
0,99,3,0,0,10
1,103,3,0,0,5
0,112,4,0,0,12
0,69,5,0,0,20
0,100,1,0,0,7
0,103,1,0,0,6
0,119,3,0,0,6
0,118,1,0,0,11
0,22,5,0,0,15
2,7,4,2,0,20
4,0,11,0,0,35
1,51,4,0,0,7
0,38,3,0,0,19
1,40,2,0,0,5
4,14,5,0,0,13
0,15,3,1,0,14
0,45,4,0,0,6
0,54,7,0,0,1
1,16,5,1,0,22
1,3,6,0,0,35
1,27,3,1,0,15
0,42,3,0,0,1
0,40,2,2,0,11
0,15,14,1,0,28
0,18,3,0,0,25
0,11,8,0,0,18
1,48,2,0,0,1
1,27,9,0,0,17
0,30,1,0,0,8
5,21,9,0,0,17
2,14,9,1,0,24
0,19,5,1,0,31
0,39,3,0,0,1
1,34,7,0,0,2
3,27,13,0,0,22
0,3,12,4,0,25
0,12,6,2,0,24
1,6,6,0,0,23
1,24,9,2,0,9
0,34,6,0,0,12
2,18,6,0,1,18
0,14,7,4,0,9
1,9,11,2,0,35
1,29,6,0,0,10
0,48,63,8,0,29
0,19,61,22,4,77
0,35,32,9,1,44
0,45,39,9,1,37
0,26,37,11,3,63
0,0,236,3,0,36
0,13,179,11,1,34
0,0,107,17,0,72
0,31,71,18,8,57
0,12,95,16,11,52
1,0,27,4,1,88
0,0,20,3,1,92
0,0,4,0,2,41
0,0,63,7,0,82
0,0,83,18,4,64
0,0,7,0,0,49
2,0,10,1,1,57
1,0,12,7,1,76
0,0,32,8,1,81
0,0,35,13,4,72
0,0,3,0,0,25
1,0,12,6,4,33
0,0,18,11,1,72
0,0,25,18,3,67
0,0,15,8,3,79
0,0,7,0,1,35
0,0,23,3,3,76
1,0,22,10,3,79
0,0,28,11,5,80
0,0,26,8,5,73
0,33,36,11,2,52
0,17,87,9,13,49
0,0,82,14,4,68
0,0,44,14,4,72
0,0,18,8,2,81
0,0,23,6,3,70
0,15,2,0,0,11
0,42,0,0,0,0
0,76,2,1,0,0
0,69,1,0,0,7
0,67,0,0,0,7
1,26,3,0,0,0
0,91,3,0,0,7
0,73,3,2,1,10
0,104,3,2,0,0
0,63,1,0,0,18
1,25,0,0,0,0
0,99,5,1,0,2
0,78,3,3,0,3
0,105,3,0,0,3
0,102,1,0,0,2
0,43,0,0,0,1
0,8,1,0,0,2
0,61,0,0,0,0
0,89,2,0,0,9
0,72,2,1,1,8
0,25,0,0,0,0
0,137,2,0,0,0
0,85,0,0,0,2
0,109,2,1,0,7
0,81,3,0,0,14
0,48,1,0,0,0
0,92,1,0,0,7
0,105,1,0,0,0
0,59,2,0,0,8
0,84,1,0,0,4
0,117,0,0,0,0
0,22,2,1,0,48
0,88,0,0,0,0
0,81,1,1,0,4
0,58,5,1,0,15
0,95,3,1,0,0
0,21,0,0,0,29
0,18,2,2,0,37
0,14,0,1,0,34
0,0,3,0,0,24
0,0,1,1,0,22
0,43,2,0,0,26
0,34,3,0,0,30
0,8,1,0,0,31
0,22,2,0,0,27
0,0,0,0,0,32
1,11,2,1,0,39
0,24,1,1,0,27
0,50,3,0,0,11
0,5,0,0,0,48
0,41,2,0,0,19
0,0,1,2,0,49
0,10,2,0,0,63
0,18,2,0,0,32
0,25,0,0,0,27
0,5,0,0,0,32
0,0,3,1,0,37
0,0,2,0,0,40
0,10,1,0,0,53
0,2,0,0,0,39
0,1,0,0,0,36
0,0,1,0,0,31
0,0,0,0,0,42
0,0,1,0,0,59
0,3,2,0,0,61
0,11,1,0,0,31
0,2,0,0,0,28
0,0,4,1,0,29
0,22,5,1,0,28
0,6,0,0,0,30
0,11,0,0,0,16
0,0,0,0,0,40
0,46,4,1,0,31
0,46,2,1,0,32
0,101,3,0,0,4
0,66,3,0,0,7
0,51,0,0,0,3
0,38,0,0,0,3
0,65,0,0,0,12
0,48,3,1,0,16
0,104,1,0,0,0
1,73,6,0,0,14
0,44,3,0,0,15
0,78,2,1,0,0
0,52,1,0,0,27
0,73,2,1,0,12
0,67,3,1,0,1
0,48,4,0,0,13
0,67,3,0,0,2
0,81,1,0,0,0
0,47,3,0,0,27
0,53,0,0,0,5
0,80,0,1,0,0
0,15,3,0,0,41
0,66,1,1,0,7
0,65,1,0,0,0
0,41,2,0,0,28
0,50,0,0,0,0
0,56,0,0,0,8
0,20,1,0,0,32
0,104,1,0,0,0
0,69,3,0,0,11
0,57,0,0,0,15
1,100,3,0,0,2
0,63,2,0,0,22
0,86,1,0,0,0
0,68,1,0,0,1
0,50,2,1,0,21
0,0,2,0,0,21
0,21,0,0,0,21
0,22,0,0,0,11
0,53,2,0,0,0
0,0,0,0,1,27
0,0,2,0,0,29
0,0,2,0,0,20
0,12,1,1,0,24
0,74,1,0,0,0
0,0,1,0,0,18
0,0,0,0,0,15
0,0,2,0,0,14
0,0,0,0,0,3
0,7,1,0,0,9
0,17,1,0,0,11
0,0,0,0,0,15
0,0,1,0,0,15
0,0,1,0,0,5
0,0,1,1,0,4
0,0,0,0,0,13
0,0,2,0,0,31
1,0,1,1,0,13
1,0,1,0,0,6
0,0,0,0,0,0
0,0,1,1,0,18
0,21,3,1,0,36
0,0,1,0,0,20
0,0,2,0,0,7
1,0,7,0,0,11
0,0,2,1,0,18
0,10,4,0,0,35
0,21,5,0,0,19
0,20,0,0,0,11
1,22,6,1,1,22
1,8,4,0,0,23
1,13,0,0,0,22
0,5,0,0,0,11
0,0,0,0,0,9
0,0,0,0,0,14
0,12,0,0,0,6
0,10,0,0,0,13
0,0,0,0,0,4
0,0,0,0,0,5
0,2,0,0,0,5
0,47,1,0,0,1
0,49,1,0,0,4
0,0,0,1,0,8
0,6,0,0,0,11
0,43,2,0,0,6
0,50,1,0,0,0
0,0,0,0,0,0
0,0,0,0,0,10
0,39,2,0,0,2
0,73,5,0,0,6
0,0,0,0,0,0
0,0,0,0,0,0
0,0,0,0,0,4
0,55,2,2,0,2
0,10,0,0,0,1
0,0,0,0,0,0
0,0,0,0,0,0
0,0,1,0,0,14
0,16,0,0,0,5
0,12,0,0,0,0
0,0,0,0,0,0
0,0,0,0,0,0
0,72,2,1,0,10
0,5,1,0,0,3
0,0,0,0,0,0
0,0,0,0,0,0
0,0,0,0,0,0
0,0,0,0,0,0
0,47,1,0,0,7
0,25,1,0,0,18
0,8,1,1,0,26
0,0,4,1,0,30
0,38,2,0,0,9
0,32,4,3,0,14
0,38,3,0,0,21
0,0,4,0,0,14
2,0,5,2,0,38
0,8,2,3,0,31
0,79,0,1,0,0
1,15,0,0,0,20
1,0,5,0,0,21
6,13,13,2,1,30
1,13,15,2,0,44
2,57,12,0,0,17
3,38,9,0,0,22
0,31,6,1,0,18
8,21,4,3,0,33
8,64,7,0,0,17
0,64,2,0,0,11
7,48,6,0,0,22
0,27,1,0,0,14
0,45,3,2,0,17
3,50,2,1,0,12
0,61,0,0,0,2
3,42,11,0,0,17
0,12,4,15,0,33
0,61,5,4,0,18
0,43,2,0,0,17
1,20,2,1,0,29
0,73,0,0,0,1
0,50,0,5,0,6
0,63,1,0,0,3
18,24,6,4,0,37
5,26,0,0,0,2
0,39,2,0,0,15
0,46,4,0,0,1
0,54,4,0,0,5
0,59,7,0,0,13
0,62,6,0,0,30
0,46,4,0,0,16
0,19,0,0,0,19
1,8,1,1,0,22
0,28,6,0,0,24
0,41,3,1,0,11
0,0,2,0,0,26
0,34,2,0,0,21
0,91,5,1,0,4
0,39,7,0,0,26
0,1,3,1,0,36
0,43,2,0,0,16
0,0,2,0,0,34
0,25,3,0,0,30
0,30,12,0,0,20
1,18,5,0,0,21
0,0,2,0,0,21
0,0,4,0,0,33
0,1,2,0,0,31
0,33,9,1,0,32
0,21,10,0,0,34
0,26,2,0,0,28
1,0,5,1,0,39
0,0,1,1,0,40
0,8,2,0,0,37
0,2,5,1,0,32
1,33,5,0,0,39
0,37,6,0,0,17
0,32,3,3,0,32
1,13,11,0,0,40
0,7,11,1,0,47
0,81,4,2,0,12
7,53,25,8,0,33
4,42,15,1,0,47
7,68,12,2,0,23
5,142,7,0,0,1
7,121,9,1,0,4
12,57,22,14,0,21
5,81,15,1,0,28
14,56,22,1,0,12
48,31,26,1,0,6
4,94,8,2,0,2
6,103,7,1,0,12
2,50,14,3,0,33
8,58,9,3,0,14
12,56,26,1,0,15
23,67,20,2,0,3
7,77,9,1,0,6
1,51,11,0,0,35
2,99,4,2,0,6
15,69,15,1,1,12
4,22,32,7,0,56
4,9,36,13,0,70
4,18,41,19,1,71
11,41,31,6,0,56
16,3,52,20,2,68
3,0,22,30,1,60
2,0,36,17,0,57
1,0,35,9,0,43
1,0,22,15,3,53
10,0,39,18,1,73
7,0,30,16,0,102
1,130,8,1,0,7
4,101,22,3,0,7
11,54,17,3,0,33
3,42,25,13,0,54
0,81,34,25,1,34
7,22,39,13,1,91
0,0,16,9,3,37
0,0,22,18,7,61
0,14,35,16,12,53
0,0,220,6,4,38
0,0,320,4,0,22
0,53,24,42,6,23
2,71,24,33,7,19
0,78,18,42,8,17
0,64,133,7,6,41
1,35,211,10,4,22
0,75,15,20,1,27
0,82,20,16,2,23
0,77,31,18,6,30
0,77,23,21,4,21
2,64,17,18,4,17
0,60,24,16,0,21
0,61,22,36,4,39
0,63,15,26,0,27
0,67,13,22,0,20
0,50,43,22,0,39
0,74,26,19,0,24
0,67,29,28,1,36
0,53,53,61,3,40
0,60,30,39,3,24
0,57,68,39,0,29
0,73,31,33,0,20
0,86,24,20,0,29
0,99,25,21,0,33
0,51,51,47,1,48
0,60,78,24,0,41
0,0,231,15,0,44
0,63,121,6,5,27
0,70,26,18,1,19
0,62,28,19,0,35
0,40,99,18,2,35
0,36,108,46,3,39
1,9,2,2,0,3
1,21,0,0,0,2
5,17,3,0,0,9
0,53,3,0,0,8
0,35,11,3,0,7
0,4,17,4,1,51
0,21,5,0,0,22
0,32,1,0,0,11
0,42,2,1,0,10
0,42,15,0,0,9
0,5,18,2,0,49
1,0,6,1,0,45
1,3,5,0,1,53
0,25,9,4,0,26
1,25,8,0,0,23
3,43,2,0,0,18
2,3,10,0,0,35
2,0,4,0,0,42
1,0,6,1,0,42
8,15,8,2,0,25
2,9,3,0,0,44
2,6,3,0,2,26
1,18,2,0,0,17
1,3,13,1,0,35
2,11,5,0,0,16
2,16,13,0,0,37
0,21,13,0,0,28
2,2,7,1,0,33
1,5,5,2,0,26
1,36,7,1,0,13
0,39,10,1,0,15
0,54,1,2,0,2
1,20,10,1,0,12
4,37,4,0,0,4
2,39,5,0,0,13
1,45,4,0,0,6
0,20,18,12,0,73
0,76,20,6,0,17
0,59,11,3,0,20
0,46,16,10,0,24
0,43,24,6,0,11
0,0,19,2,0,59
0,31,12,4,0,64
0,69,12,1,0,19
0,73,14,5,0,9
0,47,20,3,1,8
0,0,12,4,0,65
1,0,15,3,0,69
0,0,18,4,0,80
0,22,20,0,0,94
0,68,15,7,1,36
0,0,18,0,0,43
0,0,14,0,0,41
0,0,25,5,0,55
0,0,38,2,0,97
3,0,25,2,0,86
0,33,95,3,0,46
1,18,60,1,0,62
0,0,45,1,0,86
0,0,30,2,0,55
0,0,24,0,0,65
0,126,12,1,0,3
0,139,5,0,0,2
0,107,18,2,0,11
0,81,24,2,0,20
0,25,35,6,0,39
0,39,18,5,0,15
0,46,19,4,0,11
1,70,16,8,0,13
4,4,35,4,0,86
0,0,16,1,0,67
0,2,49,7,0,56
0,33,1,0,0,31
0,17,2,0,0,23
0,0,2,0,0,21
0,0,0,0,0,4
0,0,0,0,0,1
0,80,0,0,0,3
0,41,0,0,0,27
0,0,0,0,0,34
0,0,1,0,0,18
0,0,0,0,0,12
0,20,0,0,0,16
0,129,1,1,0,4
0,6,0,0,0,23
0,58,1,0,0,10
0,0,0,0,0,24
0,7,1,0,0,20
0,3,0,0,0,14
0,12,2,0,0,18
0,23,4,0,0,17
0,2,0,0,0,26
0,57,1,0,0,4
0,59,0,0,0,5
0,1,0,1,0,19
0,24,0,0,0,11
0,2,0,0,0,13
0,45,1,1,0,2
0,23,1,0,0,4
0,0,1,0,0,8
0,2,0,0,0,19
0,7,0,0,0,16
0,0,0,0,0,6
0,1,0,0,0,17
0,0,0,0,0,18
0,0,0,0,0,11
0,0,0,0,0,24
0,0,0,0,0,25
0,1,0,0,0,0
0,13,0,0,0,0
0,8,1,0,0,0
0,0,0,0,0,0
0,0,0,0,0,0
0,36,0,0,0,1
0,34,0,0,0,3
0,59,0,0,0,2
0,49,0,0,0,2
0,0,0,0,0,0
0,68,0,0,0,0
0,60,0,0,0,5
0,38,0,1,0,8
1,58,0,0,0,0
0,21,0,0,0,1
0,73,0,0,0,0
0,84,0,0,0,0
0,56,0,0,0,1
0,46,1,0,0,3
0,67,1,0,0,0
0,30,0,0,0,9
0,47,3,0,0,4
0,23,8,0,0,33
0,18,7,1,0,24
0,45,1,1,0,0
1,57,2,0,0,0
0,56,0,0,0,0
0,46,1,0,0,10
0,40,5,0,0,8
1,74,2,0,0,0
0,0,0,0,0,0
0,0,0,0,0,0
0,20,0,0,0,7
0,56,0,0,0,0
0,46,3,0,0,1
0,68,1,0,0,0
0,34,4,0,0,13
0,41,14,0,0,17
0,17,9,0,0,32
0,56,10,2,0,22
0,66,7,0,0,13
0,19,3,0,0,7
0,24,6,0,0,9
0,28,5,0,0,17
0,3,5,1,1,40
1,75,5,0,0,19
0,7,7,1,0,23
0,0,5,2,0,14
0,11,4,0,0,19
2,18,6,0,0,20
0,48,4,0,0,11
0,0,2,0,0,15
1,0,16,1,0,14
0,25,7,0,0,10
0,22,3,1,0,33
0,12,3,0,0,50
0,0,2,0,0,19
1,0,1,0,1,22
1,8,5,0,0,10
0,55,3,0,0,7
0,67,3,0,0,5
0,9,4,0,0,30
1,5,3,0,0,16
2,5,9,0,0,27
1,35,8,0,0,12
1,27,2,0,0,4
0,36,9,1,0,29
0,40,5,1,0,24
0,67,15,1,0,10
1,56,6,0,0,32
1,57,7,0,1,5
0,31,5,0,0,14
0,0,3,0,0,12
0,0,0,0,0,4
0,0,3,1,0,42
0,63,11,3,2,38
0,52,10,4,0,18
0,0,0,0,0,10
0,0,0,0,0,2
0,0,6,0,0,39
2,11,1,10,0,50
0,21,2,1,0,4
0,0,1,0,0,9
0,0,0,0,0,4
0,0,1,0,0,20
0,4,0,7,2,71
0,45,0,1,0,9
0,0,0,0,0,6
0,0,0,0,0,1
0,0,0,1,0,11
2,0,3,4,4,66
3,40,4,9,1,36
0,0,0,0,0,5
0,0,0,0,0,7
0,0,1,1,0,39
0,23,4,4,3,57
0,41,4,0,1,9
0,0,0,0,0,12
0,0,0,1,0,25
0,0,2,2,0,31
0,0,5,3,3,60
0,42,6,8,0,39
0,42,6,13,0,21
0,31,5,12,0,25
0,38,2,7,0,10
0,32,4,3,1,20
0,35,7,16,0,15
0,32,1,3,0,12
0,105,0,1,0,9
0,104,1,0,0,22
0,140,6,0,0,5
0,191,0,0,0,0
0,14,9,1,0,60
0,136,0,0,0,6
0,145,2,0,0,0
0,146,5,0,0,18
0,135,0,0,0,0
0,125,7,1,0,37
5,8,11,1,2,46
5,50,5,1,0,27
3,84,4,1,0,15
0,115,0,0,0,1
1,137,1,1,1,11
0,0,14,1,0,39
0,0,12,0,2,60
2,0,18,2,2,97
0,50,9,0,0,26
0,83,2,0,0,17
0,148,1,0,0,8
0,64,3,2,0,27
0,0,6,2,1,70
1,0,12,1,0,92
0,16,11,6,0,76
0,111,2,0,0,6
0,99,4,0,0,17
0,88,7,0,0,37
0,0,8,1,0,63
1,0,9,6,0,70
0,99,2,1,0,14
0,44,11,0,0,40
1,35,22,3,0,43
2,9,8,3,3,53
1,26,15,8,0,54
0,0,7,2,0,53
0,0,0,0,0,0
0,64,3,0,0,0
0,54,0,0,0,2
0,30,1,0,0,3
0,51,0,0,0,14
0,0,0,0,0,0
0,13,0,0,0,1
0,22,1,0,0,4
0,0,0,0,0,6
0,52,1,0,0,0
0,0,0,0,0,0
0,0,0,0,0,1
0,0,1,0,0,12
0,0,0,0,0,0
0,0,0,0,0,0
0,0,0,0,0,0
0,0,0,0,0,4
0,0,1,0,0,9
0,0,2,0,0,0
0,0,0,0,0,0
0,0,0,0,0,0
0,0,0,0,0,0
0,0,0,0,0,0
0,0,0,0,0,0
0,0,0,0,0,0
0,0,0,0,0,0
0,0,0,0,0,0
0,0,0,0,0,0
0,0,0,0,0,0
0,0,0,0,0,1
0,121,0,0,0,5
0,84,2,1,0,4
0,5,1,0,0,0
0,0,0,0,0,1
0,0,0,0,0,0
0,0,0,0,0,0
0,45,6,11,1,20
0,35,7,20,0,30
0,55,6,11,0,7
1,48,7,6,0,22
1,43,12,21,0,15
0,43,3,7,0,27
0,54,4,6,0,21
3,51,3,13,0,36
1,49,5,8,0,9
0,36,2,4,1,18
0,37,1,5,0,19
0,48,10,8,0,30
0,49,6,10,0,8
0,48,6,12,1,12
1,48,4,12,0,18
0,42,3,3,0,9
0,35,7,16,0,36
0,73,10,18,0,18
0,19,0,0,0,1
0,48,4,1,0,0
0,33,5,20,0,33
0,34,5,9,0,13
0,51,2,18,0,26
0,34,1,0,0,0
0,42,1,0,0,0
0,51,6,14,0,19
0,34,9,6,0,15
0,52,10,23,1,25
0,41,5,7,0,10
0,62,2,1,0,1
0,39,13,20,1,29
0,52,0,5,0,2
0,26,2,8,0,4
0,39,0,0,0,0
0,0,0,0,0,0
0,0,0,0,0,0
0,0,0,0,0,0
0,0,0,0,0,0
0,0,0,0,0,0
0,0,0,0,0,0
0,0,0,0,0,0
0,0,0,0,0,0
0,2,1,2,0,0
0,45,25,1,0,14
0,49,25,3,0,8
0,17,10,0,0,0
0,0,0,0,0,0
0,34,13,3,0,4
0,67,57,6,0,63
0,63,50,19,0,35
0,59,20,2,1,22
0,0,0,0,0,0
0,71,21,7,0,12
0,58,57,10,0,23
0,79,50,26,3,27
1,55,57,23,1,30
0,6,6,1,0,5
0,83,11,3,1,16
0,77,30,9,9,33
1,73,25,4,2,21
0,73,29,17,3,19
0,28,10,7,0,11
0,72,35,13,2,22
0,85,28,9,2,29
0,96,21,3,3,18
0,93,33,4,2,19
0,0,0,0,0,0
0,0,1,0,0,0
0,4,0,1,0,0
0,36,23,0,0,1
0,38,46,5,2,33
0,75,74,17,1,27
0,54,2,0,0,24
0,106,2,0,0,10
0,101,4,0,0,12
1,101,1,0,0,4
0,135,2,1,0,2
0,68,0,0,0,0
0,97,0,0,0,11
0,189,0,0,0,34
0,215,14,0,0,15
0,120,3,1,0,8
0,120,0,1,0,8
0,59,0,0,0,3
0,63,0,0,0,5
0,71,3,0,0,47
0,125,3,0,0,27
0,101,2,0,0,6
0,91,0,0,0,5
0,91,2,0,0,10
0,114,4,2,0,10
0,119,5,0,0,47
0,117,2,0,0,19
0,141,2,1,0,14
0,101,0,0,0,17
0,241,2,0,0,3
0,192,1,1,0,15
0,43,1,0,0,8
0,32,1,0,0,1
0,173,3,0,0,1
0,235,3,0,0,19
1,253,0,1,0,1
0,149,3,0,0,27
0,203,0,0,0,1
0,246,4,0,0,7
0,159,1,0,0,0
0,120,1,0,0,7
0,148,1,0,0,0
0,18,0,0,0,4
0,0,0,1,0,0
1,13,1,1,0,3
0,20,0,1,0,7
0,9,0,0,0,6
0,3,1,2,0,20
3,13,2,1,0,18
1,54,1,0,0,7
0,17,1,1,0,19
0,0,0,0,0,21
0,12,1,1,0,32
1,32,2,1,0,9
0,4,0,0,0,27
0,8,1,2,0,0
0,8,0,1,0,7
0,0,0,0,0,29
0,0,0,0,0,24
0,2,1,4,0,30
0,23,0,2,0,4
0,24,0,0,0,8
0,0,0,0,0,19
0,0,0,0,0,17
0,0,0,1,0,17
0,16,1,0,0,6
0,39,2,0,0,5
0,2,1,0,0,14
0,23,0,0,0,17
0,2,1,0,0,17
0,21,0,2,0,5
0,32,0,0,0,2
0,9,3,1,0,3
0,13,4,0,0,7
0,3,1,0,0,13
0,3,0,0,0,4
0,9,1,0,0,2
0,15,1,0,0,3
0,106,1,0,0,9
0,93,9,0,0,5
0,100,2,0,0,14
0,94,9,0,0,14
0,90,1,0,0,3
0,64,5,0,0,27
0,67,3,0,1,12
1,81,1,0,0,19
0,80,5,0,0,10
1,89,4,1,0,7
0,69,1,1,0,18
0,127,1,0,0,1
0,99,2,0,0,8
0,107,4,0,0,8
0,75,5,0,0,12
0,86,6,0,0,14
0,71,11,0,0,25
0,101,0,0,0,17
0,97,2,0,0,14
0,67,3,0,0,22
0,72,9,1,0,31
0,87,3,0,0,28
0,65,1,0,0,34
0,105,1,0,0,3
0,52,0,0,0,0
0,79,3,0,0,22
1,79,2,0,0,17
0,102,1,0,0,7
0,94,2,0,0,13
0,102,1,0,0,8
0,91,2,0,0,13
0,116,0,0,0,5
0,80,1,0,0,13
0,24,6,0,0,54
0,66,2,0,0,19
0,107,4,0,0,15
0,0,0,2,0,22
0,46,1,0,0,15
0,3,0,0,0,11
0,33,0,0,0,9
0,6,0,0,0,15
1,20,0,0,0,12
1,55,4,1,0,6
0,29,0,0,0,17
0,38,0,0,0,12
0,6,0,0,0,22
0,58,0,1,0,4
1,43,2,0,0,0
0,52,0,0,0,5
0,21,0,0,0,17
2,50,5,2,1,5
0,17,0,1,0,8
0,39,0,0,0,0
1,53,0,2,0,3
0,8,0,0,0,9
4,54,17,5,0,2
0,0,2,0,0,16
0,13,1,0,0,4
0,9,0,0,0,11
0,0,0,0,0,16
0,57,0,0,0,7
0,44,1,0,0,6
0,11,0,0,0,16
0,0,1,0,0,7
0,24,0,0,0,11
0,11,0,1,0,22
0,46,2,1,0,2
0,1,0,0,0,8
6,53,31,6,0,0
7,28,5,1,1,9
0,108,0,0,1,0
0,30,0,0,0,14
0,0,158,5,4,41
3,0,72,1,6,61
6,0,18,0,2,70
0,0,7,1,3,49
0,0,6,0,0,27
0,68,95,10,2,34
0,60,67,27,7,34
0,36,36,66,25,39
0,36,25,46,11,58
0,20,18,28,15,70
0,45,43,40,4,31
0,83,16,20,3,30
0,81,18,31,9,30
0,55,25,46,6,44
0,45,38,58,15,48
1,60,15,12,1,15
0,69,36,19,9,29
0,84,16,24,3,29
0,98,18,21,2,18
0,76,31,18,5,37
0,68,45,13,1,30
0,63,39,14,3,41
0,77,30,34,1,25
0,72,26,8,1,16
0,64,30,22,2,29
0,57,31,18,7,30
0,60,16,23,3,22
1,74,14,8,1,23
0,53,160,14,3,28
0,59,28,3,9,15
0,0,2,2,0,26
0,0,28,9,6,55
1,4,47,31,12,75
0,63,33,48,6,32
0,67,23,23,3,42
0,41,19,8,13,35
0,59,2,0,1,29
1,103,0,0,0,8
0,72,0,0,0,13
2,19,4,0,0,35
0,77,2,0,0,8
1,74,2,0,0,9
0,59,2,1,0,18
0,6,1,0,0,44
0,49,3,0,1,14
2,45,7,0,0,28
0,49,0,0,0,8
0,72,2,0,0,2
0,121,0,0,0,1
0,69,1,0,0,11
0,70,0,0,0,12
0,68,1,0,0,3
0,54,2,0,0,9
0,74,0,0,0,5
1,63,2,0,0,2
0,104,1,0,0,5
4,39,1,0,0,9
8,98,0,0,0,6
5,59,1,0,0,18
0,79,1,0,1,17
0,80,1,0,0,7
3,53,2,0,0,27
4,81,1,0,0,3
0,76,1,0,0,1
1,65,0,0,0,18
1,44,5,0,0,6
0,69,3,0,0,6
0,47,2,0,0,35
0,87,0,0,0,3
1,52,1,0,0,14
0,65,0,0,0,14
0,57,1,0,0,20
0,0,6,0,0,36
0,0,4,1,0,43
0,0,8,1,1,61
0,0,2,1,3,36
0,0,5,1,1,39
0,0,4,1,1,46
0,0,6,1,2,54
0,0,5,1,0,46
1,4,3,1,1,44
1,83,6,0,0,32
0,0,2,0,2,51
0,0,3,1,0,35
1,0,5,1,1,44
0,102,7,1,0,28
0,95,0,0,0,2
0,0,10,2,0,45
0,0,7,0,0,39
0,11,3,0,0,33
0,118,1,0,0,2
0,74,2,0,0,5
0,54,4,2,0,23
0,0,7,1,0,45
0,0,3,1,0,44
0,107,2,1,0,18
0,91,1,1,0,1
0,130,1,1,0,3
0,22,12,1,0,25
0,0,4,1,0,32
0,6,0,1,0,28
0,136,2,0,0,10
0,31,6,3,0,32
0,83,0,0,0,8
0,69,0,0,0,0
0,97,6,0,0,11
0,92,1,0,0,8
0,129,2,0,0,8
0,0,0,0,0,0
0,0,0,0,0,0
0,0,0,0,0,0
0,0,0,0,0,0
0,0,0,0,0,0
0,0,0,0,0,0
0,0,0,0,0,0
0,0,0,0,0,0
0,0,0,0,0,2
0,0,0,0,0,1
0,0,0,0,0,0
0,0,0,0,0,0
0,0,0,0,1,3
0,0,0,1,0,13
0,0,2,0,0,22
0,0,2,0,0,3
0,0,0,0,0,0
0,0,1,0,0,6
1,0,0,2,2,27
0,29,4,4,2,53
0,0,2,0,0,11
0,0,1,0,0,14
0,1,0,0,0,34
0,23,8,8,1,25
0,85,4,3,0,14
0,0,2,1,0,29
0,0,0,2,0,20
1,16,5,4,2,52
1,36,16,26,0,37
0,44,20,30,0,39
0,0,0,0,0,0
1,0,0,0,0,4
0,0,6,1,0,20
2,18,11,6,7,68
0,53,14,14,1,45
1,63,8,22,3,30
0,0,12,2,3,64
2,0,21,5,2,63
4,0,25,0,1,76
4,0,13,2,2,72
1,0,26,3,3,46
0,0,11,0,0,63
2,0,12,0,1,71
0,1,7,1,0,33
1,4,7,0,0,49
2,3,19,2,1,67
0,6,0,0,0,2
0,15,1,0,0,8
0,22,0,0,0,0
0,88,2,0,0,3
0,12,2,0,1,9
0,26,1,1,0,0
0,28,0,0,0,0
0,10,0,0,0,5
0,29,0,0,0,0
0,14,0,0,0,0
0,55,1,0,0,0
0,40,2,0,0,0
0,1,1,0,0,30
0,0,0,0,0,19
0,0,0,0,0,8
0,49,2,0,0,1
1,25,3,2,0,0
0,0,0,0,0,17
0,0,0,0,0,0
0,8,1,0,0,0
1,0,42,2,2,58
3,1,10,0,1,40
0,0,73,15,2,60
0,0,25,4,1,71
0,0,4,1,0,28
0,45,0,0,0,0
0,41,4,13,1,20
0,35,4,9,0,36
0,41,9,26,2,32
0,16,7,8,1,12
0,29,2,3,0,1
0,56,8,7,0,20
0,22,4,25,0,20
0,50,4,8,0,24
0,37,5,4,0,10
0,196,4,1,0,1
0,41,8,8,0,14
0,37,4,3,1,15
0,31,12,15,0,19
0,52,17,28,0,28
0,23,18,12,0,21
0,42,9,3,0,12
0,30,8,33,3,33
0,52,12,8,0,17
0,44,13,13,0,24
0,36,5,2,0,6
0,55,5,12,2,21
0,35,9,13,2,37
5,38,10,13,0,24
1,27,14,19,0,18
0,77,14,17,0,32
2,47,3,3,0,15
0,31,9,32,0,42
0,66,5,1,0,2
1,46,16,16,0,23
0,52,12,10,1,13
0,0,0,0,0,0
0,0,0,0,0,0
0,39,1,0,0,0
0,42,2,0,0,0
0,8,1,1,0,0
0,45,1,0,0,1
0,0,0,0,0,10
0,0,2,0,0,12
0,16,3,1,0,22
0,31,2,2,0,26
0,29,1,0,1,17
0,0,1,0,0,7
0,0,3,0,0,16
0,7,2,1,0,20
0,60,1,0,0,13
0,95,0,0,0,2
0,0,1,0,0,8
0,0,2,0,0,9
0,10,2,0,0,22
0,35,0,1,0,11
0,73,1,0,0,5
0,0,0,0,0,9
0,0,1,2,0,9
0,0,5,5,0,34
0,7,3,0,0,16
0,30,0,0,0,8
0,0,0,1,0,5
0,0,3,1,0,11
0,4,6,1,0,25
0,32,1,0,0,18
0,46,2,0,1,8
0,0,2,0,0,6
0,0,1,0,0,10
0,2,10,3,0,19
0,43,5,0,0,8
0,10,1,0,0,9
0,63,0,0,0,14
0,40,0,0,0,10
0,36,0,0,0,14
0,49,0,0,0,5
0,24,0,0,0,12
0,17,1,0,0,9
0,70,5,3,0,20
0,57,14,3,0,11
0,47,20,13,0,16
0,56,30,7,0,16
0,38,7,0,0,2
0,84,14,2,2,28
0,62,10,5,0,9
0,47,20,8,1,16
0,49,25,7,0,23
0,51,24,9,0,21
0,67,32,6,0,35
2,72,20,5,0,31
0,75,17,3,1,19
0,57,20,5,0,15
0,40,30,9,0,29
0,68,10,2,0,6
0,55,46,16,2,28
0,46,32,11,0,34
0,43,6,4,0,17
0,41,28,5,0,17
0,96,34,10,0,15
0,50,31,8,0,29
0,41,21,6,0,24
0,43,26,2,0,13
0,36,33,7,0,11
0,75,8,13,0,15
0,70,6,4,0,13
0,50,22,14,0,23
0,52,18,7,0,14
0,43,17,9,0,16
0,26,4,0,0,0
0,46,22,3,0,7
0,68,27,5,0,12
0,31,30,10,0,19
0,26,4,0,0,4
0,38,46,8,0,22
2,34,17,1,0,17
16,0,69,10,2,36
1,61,13,5,0,7
3,16,55,16,1,30
2,26,37,14,0,20
5,49,36,12,1,8
10,28,55,24,0,24
0,46,24,3,0,11
1,18,45,29,1,21
0,22,92,29,0,25
0,26,61,20,1,7
1,50,39,13,0,6
0,30,52,10,2,15
2,12,120,40,1,14
0,23,71,25,0,12
1,24,71,15,0,28
3,37,46,16,0,20
2,19,42,4,0,41
0,31,12,2,1,16
5,18,46,14,0,27
0,58,3,4,1,10
0,117,7,2,1,4
0,58,13,2,1,12
0,79,4,0,0,4
2,85,8,0,2,10
0,59,23,5,0,28
0,62,12,1,0,4
1,63,12,3,2,20
1,105,3,0,0,1
6,45,25,4,3,25
0,70,3,0,0,4
0,17,44,18,0,35
0,91,11,8,0,10
2,68,9,2,0,10
1,19,70,10,7,46
2,15,32,5,0,47
0,60,14,4,0,8
0,55,6,3,0,12
1,40,22,7,1,31
3,26,35,11,1,38
2,11,31,4,0,46
0,43,6,8,0,14
0,38,10,5,0,16
4,12,40,11,2,45
8,61,16,3,0,12
0,67,16,1,2,22
5,31,36,8,3,30
0,20,75,13,4,54
2,39,35,11,1,36
7,72,15,3,0,11
1,21,65,26,2,36
0,33,22,11,0,19
0,29,5,7,1,14
0,45,15,8,1,6
0,35,11,8,0,12
0,36,17,18,1,21
0,26,18,4,0,15
0,13,34,24,4,21
0,31,9,5,0,4
0,37,30,14,1,16
0,37,16,18,0,6
0,40,18,11,1,9
0,43,17,10,0,23
0,54,14,4,1,9
0,46,19,2,0,7
0,40,5,0,2,5
0,66,11,8,1,6
0,35,6,2,1,7
0,49,13,4,1,12
0,51,15,1,1,13
0,39,2,2,3,2
0,69,9,7,1,9
0,32,6,3,1,8
0,49,15,4,0,10
0,47,15,2,0,11
0,30,10,4,3,12
0,51,14,8,0,9
0,34,15,2,0,8
0,44,13,1,1,9
0,54,12,1,0,8
0,0,0,0,0,0
1,5,11,3,0,12
1,0,68,11,7,58
5,0,99,5,4,49
0,46,7,1,0,2
6,23,64,4,1,38
8,0,62,5,2,61
0,15,4,0,0,4
2,5,40,5,4,41
0,26,17,1,1,28
1,30,36,7,5,37
3,0,98,7,4,43
9,0,72,6,7,47
2,0,62,3,3,51
0,33,29,0,2,29
0,20,60,5,4,57
0,27,0,0,0,0
0,40,10,0,0,8
1,0,89,5,8,43
1,0,107,3,8,52
10,0,74,6,7,47
0,32,2,0,0,2
0,0,76,5,8,66
1,14,50,10,4,42
0,4,82,9,6,49
1,25,64,3,3,34
1,0,109,11,7,54
1,29,50,3,3,28
0,27,7,3,2,19
1,5,83,4,2,51
0,36,8,1,0,9
0,50,20,3,1,26
2,33,20,1,1,19
1,0,88,8,6,50
0,46,33,7,2,25
0,53,15,1,0,22
1,6,79,7,4,48
1,20,36,9,5,39
0,27,17,3,1,24
1,19,38,6,6,37
0,26,30,3,4,17
0,18,53,5,4,45
1,28,13,1,0,31
0,41,16,2,0,17
0,22,68,2,5,36
0,39,6,0,1,14
2,27,28,5,8,27
0,28,44,12,3,26
1,17,43,7,4,27
0,5,24,0,0,58
0,39,32,2,0,35
0,3,82,2,4,52
0,1,62,9,12,53
0,34,19,3,0,9
4,2,77,12,7,61
0,31,34,1,0,11
1,0,48,1,0,65
1,33,26,0,0,33
0,24,48,4,2,44
0,7,70,10,7,42
1,24,28,12,3,26
0,28,54,9,4,47
0,41,21,0,0,14
1,11,24,2,1,18
3,9,27,3,0,20
4,0,84,7,2,58
0,72,18,0,0,6
0,38,8,3,0,5
0,20,53,5,2,44
1,17,54,4,3,43
1,33,21,1,0,6
1,33,4,0,0,0
0,0,0,0,0,0
0,0,0,0,0,0
0,0,0,0,0,0
0,103,0,0,0,0
0,121,3,1,0,6
0,36,1,0,0,0
0,31,29,5,0,11
2,31,33,1,0,4
0,0,0,0,0,0
0,0,0,0,0,0
0,13,1,1,0,4
0,23,38,6,0,13
1,20,32,8,0,15
1,13,47,12,0,15
2,9,45,14,0,17
1,32,31,22,0,11
0,0,0,0,0,0
0,9,0,0,0,1
2,43,10,1,0,10
0,44,10,0,0,7
0,33,28,9,0,20
5,25,60,9,0,11
0,32,37,9,2,15
1,20,40,21,0,20
0,6,0,0,0,0
0,34,11,0,0,1
0,15,32,0,1,27
1,13,75,10,2,40
1,13,78,18,2,37
9,13,66,22,2,21
8,36,41,7,3,14
2,24,45,29,0,26
0,17,2,1,0,2
0,5,7,1,1,13
1,26,6,2,0,5
2,25,33,6,1,28
5,39,36,11,0,19
6,38,41,7,3,26
3,37,34,14,0,27
4,34,29,11,2,28
0,12,1,1,0,2
0,1,7,1,1,12
1,20,12,3,1,5
2,27,40,6,1,27
5,39,30,11,0,22
6,42,32,9,3,22
5,37,32,14,0,27
4,38,23,11,3,28
2,36,51,3,0,6
2,34,5,7,0,8
1,22,26,14,0,17
0,40,20,13,0,12
3,28,39,13,3,39
3,28,35,12,4,40
0,53,22,4,1,15
0,69,13,10,0,4
0,37,15,8,0,10
0,31,32,16,0,8
0,31,7,3,0,6
0,25,21,9,0,14
0,58,13,5,0,3
0,70,18,3,0,6
0,34,17,13,0,7
0,23,38,15,1,14
0,27,12,8,0,10
0,40,14,5,0,3
0,29,19,4,0,10
0,45,15,5,0,8
0,41,14,13,0,14
0,27,13,2,0,15
0,43,8,3,0,20
0,36,7,4,1,5
0,48,14,2,0,10
0,55,12,10,0,8
0,32,18,4,0,16
0,36,6,4,0,20
0,34,17,9,1,7
0,50,16,5,0,9
0,52,11,10,0,10
0,30,7,3,0,6
0,23,37,15,1,14
0,39,14,13,0,14
0,54,13,10,0,8
0,51,14,8,0,10
0,25,120,20,0,40
0,44,31,3,0,22
0,12,24,0,0,38
0,0,17,9,0,48
0,26,2,1,0,1
0,39,33,8,0,24
0,51,24,3,0,19
0,38,18,6,0,23
0,35,42,4,0,16
0,45,13,4,0,20
0,63,11,9,0,21
0,54,12,5,0,25
0,43,12,6,0,22
0,45,16,7,0,15
0,41,15,12,0,25
0,72,15,5,0,21
0,5,23,5,0,41
0,48,16,5,0,25
0,40,16,15,0,38
0,45,14,7,0,26
12,56,30,4,0,19
0,70,41,10,0,19
0,58,30,13,0,28
0,64,47,15,0,17
0,1,123,28,1,28
0,81,12,4,0,11
4,18,71,12,0,37
0,102,32,11,0,23
1,56,31,6,2,26
4,9,88,9,0,48
0,81,31,9,0,31
0,51,30,4,1,27
0,51,9,3,0,10
0,54,24,6,0,26
0,20,67,15,2,40
0,44,63,12,1,31
0,72,12,6,1,6
0,84,8,2,1,7
0,77,11,1,0,4
0,39,26,6,1,14
0,74,18,7,2,14
0,63,8,5,1,5
0,60,16,1,0,10
0,41,18,2,1,8
0,66,19,6,1,10
0,40,10,5,0,15
0,49,14,1,0,9
0,50,18,10,0,8
0,44,5,0,0,2
1,66,18,8,0,15
0,49,22,1,0,8
0,46,22,9,1,4
0,52,13,1,0,7
0,40,24,4,1,14
0,41,18,6,0,9
0,42,23,9,0,9
0,38,24,8,0,13
0,45,42,15,3,31
0,52,17,2,2,8
0,32,75,20,3,29
1,63,57,14,4,30
0,21,33,14,4,33
0,63,37,22,1,15
0,28,76,20,7,24
4,36,58,8,6,24
0,115,19,2,0,24
0,55,12,5,0,4
0,41,9,3,0,2
0,45,51,20,7,21
0,110,7,4,0,11
0,168,13,1,0,6
0,52,3,3,0,2
0,39,6,2,0,1
0,52,51,13,5,22
0,115,6,4,0,9
0,158,10,1,0,5
0,118,38,3,4,16
0,128,11,0,0,17
0,150,20,1,0,8
0,146,15,1,0,7
0,71,19,4,0,11
0,34,24,12,1,34
0,30,26,20,4,28
0,35,22,40,1,11
0,21,23,62,1,15
0,56,25,13,0,19
0,35,24,20,3,26
0,51,20,25,0,19
1,37,12,17,0,13
0,23,22,40,0,18
0,41,41,6,0,20
0,44,29,9,0,24
0,49,15,14,0,22
0,40,18,19,1,26
0,35,22,18,0,24
0,29,18,17,3,26
0,32,10,35,2,23
1,21,29,34,2,22
0,18,31,23,2,18
1,23,26,37,1,23
0,32,21,24,3,31
0,38,12,28,1,20
0,32,20,30,1,18
0,30,23,16,0,18
0,27,27,37,1,26
0,9,20,41,1,27
0,46,17,29,2,16
0,30,23,43,1,12
0,38,14,36,3,13
0,58,9,14,1,9
0,28,18,4,0,8
0,33,22,5,0,16
0,17,21,11,0,13
0,23,19,2,0,7
0,23,23,3,0,12
0,25,10,7,0,11
0,13,15,6,0,10
0,16,21,11,0,4
0,19,20,11,0,9
0,26,22,5,0,8
0,21,20,6,0,16
0,18,20,6,0,24
0,19,25,5,0,6
0,17,24,10,0,13
0,21,23,6,0,25
0,14,8,2,0,15
0,34,9,3,0,12
0,28,12,3,0,17
0,43,11,0,0,9
0,43,6,0,0,6
0,18,23,45,0,36
0,32,32,15,1,24
0,102,11,10,0,16
0,62,9,25,0,16
0,36,14,4,0,23
0,96,9,5,0,13
0,28,21,17,0,23
0,30,23,9,0,22
0,11,14,13,0,38
1,67,7,9,0,12
0,87,6,4,0,4
0,43,7,12,0,7
0,64,34,5,0,16
0,85,12,2,0,21
0,28,7,0,0,7
0,63,12,3,0,7
0,96,15,8,0,12
0,145,15,11,0,9
0,51,27,1,0,51
0,0,27,0,0,49
0,0,43,15,0,11
0,0,9,0,0,0
0,0,52,0,0,19
1,0,41,2,0,38
0,0,13,0,0,51
0,0,36,2,0,26
1,0,139,2,0,34
0,0,245,5,0,17
0,0,190,2,0,17
0,0,175,8,0,30
0,0,4,0,0,3
0,0,43,1,0,28
1,0,191,6,0,34
0,0,242,6,0,23
0,0,164,2,0,22
0,0,184,6,0,22
0,55,12,11,0,12
0,92,3,0,0,3
0,94,14,6,0,20
0,1,52,5,0,55
0,0,182,15,0,27
0,0,175,3,0,22
0,48,40,4,0,23
0,33,59,9,0,23
0,53,52,5,0,37
0,34,60,1,0,35
0,27,97,9,0,36
0,48,58,7,0,24
0,41,33,4,0,11
0,46,44,8,0,23
0,5,177,5,0,35
0,0,173,1,0,43
0,4,186,2,0,28
0,50,12,0,0,7
0,4,184,6,0,33
0,0,172,1,0,43
0,0,189,2,0,29
0,49,12,1,0,9
0,35,59,1,0,35
0,43,44,7,0,20
0,51,13,0,0,8
0,50,13,1,0,9
8,17,61,13,0,23
9,36,52,8,3,30
6,48,33,6,0,18
6,33,28,7,4,13
2,39,42,1,0,28
5,0,115,12,0,37
0,57,3,0,0,1
6,45,40,4,0,24
3,56,14,1,0,9
0,22,5,1,0,4
0,27,6,0,0,5
10,0,77,9,0,43
5,42,10,2,1,15
12,10,55,10,1,42
4,43,41,10,0,12
1,15,5,1,0,4
2,7,55,21,1,41
1,0,63,9,0,62
8,34,16,3,1,14
12,6,55,10,1,44
5,41,45,14,0,12
1,17,6,1,0,5
3,5,51,22,1,43
1,0,62,12,0,66
4,0,90,12,0,44
5,0,76,6,0,42
4,0,50,6,0,60
3,0,50,9,0,63
0,76,9,1,0,3
0,72,2,0,0,0
0,104,2,0,0,0
0,105,4,1,0,0
0,84,5,2,1,0
0,87,3,0,0,0
0,108,4,0,0,0
0,87,2,0,0,0
0,106,2,0,0,1
0,78,0,0,0,0
0,111,3,0,0,0
0,102,7,0,0,0
0,112,5,1,0,1
0,90,3,1,0,0
0,76,20,2,0,6
0,117,2,0,0,0
0,110,2,1,0,0
0,93,4,1,0,0
0,101,6,0,0,0
0,123,0,0,0,0
0,55,13,6,0,1
0,38,3,3,0,6
0,33,12,6,0,7
0,27,23,21,0,6
0,83,11,31,0,8
0,34,12,11,0,3
0,28,23,15,0,14
0,30,16,13,0,10
0,83,26,12,0,18
0,23,20,15,1,12
0,24,9,7,0,7
0,19,10,8,0,3
0,68,7,6,0,1
0,22,73,51,0,22
0,14,34,32,0,12
0,10,12,16,0,17
0,60,10,4,0,5
0,36,54,40,0,25
0,25,51,51,0,20
0,12,47,9,0,34
0,42,10,11,0,8
0,38,37,19,0,13
0,14,22,33,0,13
0,15,26,4,0,23
0,25,21,24,0,6
0,30,13,12,0,9
0,16,10,7,0,5
0,10,15,14,0,16
0,22,45,9,0,28
0,22,24,4,0,18
0,0,194,3,0,26
0,7,53,0,0,24
0,53,30,0,0,18
0,18,72,4,0,35
0,56,31,1,0,19
0,54,27,1,0,15
0,30,43,10,2,25
0,66,30,11,0,20
0,64,31,1,0,22
0,55,39,1,0,22
0,67,40,2,0,25
0,50,46,11,0,25
0,8,51,12,0,38
0,2,47,20,0,33
0,63,12,3,0,4
0,56,17,5,0,12
0,14,42,33,1,33
0,54,30,25,0,19
0,44,13,9,0,5
0,42,12,7,0,4
0,35,28,25,0,10
0,28,33,20,0,15
0,34,23,16,0,8
1,59,11,6,0,6
0,90,4,1,0,2
0,19,45,46,0,13
0,48,13,11,0,26
0,60,21,13,0,9
0,98,3,1,0,1
0,25,38,38,0,14
0,35,19,18,0,31
0,60,20,17,0,11
0,67,7,5,0,11
0,47,10,8,0,4
1,49,18,7,0,10
0,58,26,16,0,10
0,54,24,17,0,12
8,64,8,0,0,3
6,68,9,0,0,9
8,9,39,1,0,35
25,27,17,0,0,12
50,0,23,3,0,53
17,44,7,0,0,14
12,42,8,0,0,14
14,40,3,1,0,3
30,12,31,0,1,36
35,0,30,3,0,47
33,3,18,3,1,41
7,38,4,0,0,5
5,56,2,0,0,0
6,54,11,1,0,0
9,36,13,1,0,14
27,1,18,0,0,37
10,19,18,2,0,29
4,38,4,0,0,5
0,48,6,0,0,10
5,47,12,1,0,17
0,34,14,3,0,27
5,15,12,0,0,20
5,25,15,0,0,20
6,40,6,0,0,6
3,61,4,0,0,15
4,81,0,0,0,0
0,114,1,0,0,0
3,77,0,0,0,9
9,41,9,1,0,2
12,53,18,2,0,14
0,82,5,1,0,4
1,36,4,5,0,2
1,58,3,1,0,3
0,45,10,0,0,0
0,16,2,0,0,1
11,13,31,8,1,29
0,74,6,0,0,7
4,54,8,0,0,6
0,24,13,1,0,36
0,46,3,0,2,0
0,10,0,0,0,0
2,25,0,0,0,0
18,9,36,6,3,32
4,61,5,0,0,6
3,66,4,0,0,9
0,17,10,1,0,46
0,50,6,1,3,0
0,3,0,0,0,1
2,13,0,0,0,0
12,46,7,0,0,22
6,69,7,0,0,3
6,18,15,3,0,27
2,77,1,0,0,13
0,20,4,0,0,0
0,9,0,0,0,0
0,8,0,0,0,0
0,52,24,2,0,20
0,38,22,4,1,21
0,59,14,1,0,13
1,39,11,7,1,14
1,29,18,6,0,41
0,59,14,4,0,19
0,47,11,1,0,29
0,35,30,7,0,16
0,8,29,1,0,44
0,46,19,2,2,22
0,35,14,5,0,23
0,53,14,1,0,13
0,9,27,1,0,42
0,45,22,3,2,23
0,31,19,5,0,23
0,56,15,1,0,12
1,44,13,11,0,14
0,32,16,5,0,13
0,53,11,0,0,12
0,55,11,0,0,9
0,3,0,0,0,0
0,34,2,0,0,0
0,32,0,0,0,2
0,71,5,0,0,9
0,57,7,1,0,13
0,83,1,0,0,7
0,77,4,0,0,5
0,90,5,0,0,9
0,100,11,0,1,22
0,87,13,0,0,19
0,85,1,0,0,0
0,117,2,0,0,0
0,49,0,0,0,0
0,73,8,0,1,11
0,131,3,0,0,2
0,22,2,0,0,5
0,83,2,0,0,7
0,115,0,0,0,0
0,86,2,0,0,7
0,43,15,3,1,31
0,43,10,3,0,3
0,49,10,5,0,7
0,16,4,3,0,2
0,82,6,0,0,5
0,68,12,0,0,15
0,12,22,13,0,8
0,51,23,6,0,9
0,15,19,3,0,12
0,23,16,3,0,14
0,30,0,0,0,0
0,32,2,2,0,0
0,19,17,6,0,23
0,2,13,3,0,27
0,63,7,0,0,0
0,129,4,0,0,3
0,12,27,3,1,32
0,55,26,3,0,35
0,137,28,1,0,17
0,61,7,0,0,0
0,135,4,0,0,2
0,0,34,5,1,39
0,72,23,3,0,29
0,158,16,0,0,9
0,11,4,3,0,2
0,14,19,3,0,11
0,4,13,3,0,26
0,130,30,1,0,21
0,152,18,0,0,13
0,51,18,9,0,19
0,48,16,5,1,13
0,61,14,2,0,10
0,48,19,2,1,11
0,53,15,3,0,11
0,49,42,8,2,26
0,49,17,6,0,19
0,62,19,4,0,12
0,45,14,6,0,17
0,36,13,2,1,16
0,52,33,6,0,30
0,60,13,1,0,29
0,28,16,16,0,21
0,36,13,7,1,15
0,44,19,6,1,29
0,36,23,2,0,25
0,46,21,9,0,16
0,34,13,6,0,21
0,45,9,8,2,15
0,38,15,7,1,27
0,45,12,9,0,19
0,49,10,2,1,14
0,55,15,5,1,27
0,52,14,4,1,23
0,17,14,0,0,22
0,31,0,0,0,1
0,56,7,0,0,2
0,39,1,0,0,0
0,12,0,0,0,0
0,10,10,0,1,21
0,0,45,2,8,57
0,0,46,1,6,36
0,17,28,1,2,43
0,51,6,0,2,4
0,12,11,0,0,8
0,15,24,1,1,30
0,6,36,2,1,48
0,6,28,1,0,53
0,25,35,0,1,32
0,25,11,0,1,11
0,10,42,0,0,36
0,51,15,0,0,16
0,39,21,0,0,22
0,22,33,1,2,23
0,25,12,0,0,15
0,8,42,0,0,33
0,49,21,0,0,15
0,39,20,0,0,18
0,17,26,1,2,21
0,0,0,0,0,0
0,11,0,0,0,0
0,53,3,0,0,5
0,14,51,2,1,36
0,11,52,1,1,37
2,80,1,2,0,4
2,91,5,0,1,4
4,90,4,1,0,4
2,81,11,2,0,27
19,100,6,0,0,0
3,96,15,2,1,9
0,83,14,3,0,19
0,120,4,0,0,0
0,107,7,2,0,6
2,89,10,0,0,25
0,100,14,0,0,7
0,68,20,1,0,27
2,19,52,19,0,40
4,44,6,0,0,0
8,33,19,2,1,9
1,59,17,2,0,3
6,58,7,3,1,4
9,46,10,1,0,1
1,38,43,7,0,24
0,64,3,1,0,0
2,32,41,11,0,23
0,24,34,0,0,36
0,38,27,5,0,14
1,12,55,8,0,43
2,23,54,15,0,38
0,9,60,4,0,46
0,14,33,6,0,30
2,0,64,13,0,58
1,67,10,1,0,2
0,89,5,1,0,2
1,29,71,6,1,45
1,19,68,8,1,47
0,87,17,7,0,6
0,103,23,5,1,15
0,30,45,1,0,23
0,68,28,1,0,9
0,93,52,12,0,16
0,150,26,1,0,10
0,24,48,1,0,36
0,44,39,0,0,12
0,52,65,8,0,14
0,135,35,7,0,13
0,77,48,1,1,26
0,64,31,1,0,17
0,44,31,2,0,24
0,39,30,4,0,18
0,50,33,5,0,8
0,29,96,5,1,27
0,33,78,6,3,30
0,31,71,6,1,23
0,26,106,8,1,38
0,29,45,4,0,15
0,31,19,6,0,11
0,49,75,4,2,19
0,47,79,4,0,29
0,27,78,8,0,49
0,58,36,6,0,17
0,33,27,3,0,7
0,70,40,4,0,21
0,39,105,1,1,24
0,16,121,4,1,32
0,69,63,3,0,19
0,78,45,10,3,20
0,30,88,9,2,31
2,38,82,7,0,37
0,9,195,4,0,33
0,4,173,9,1,46
0,13,150,9,1,34
0,34,90,1,0,33
0,33,83,6,1,36
0,58,52,3,1,25
0,5,211,4,0,43
0,18,173,2,1,50
0,38,94,4,0,39
2,46,80,7,3,39
0,72,43,13,0,21
0,43,74,9,1,20
1,64,10,1,0,15
0,0,141,3,1,71
0,17,140,7,1,49
0,39,60,7,2,42
0,61,47,3,0,35
1,91,44,1,0,14
1,42,31,4,0,53
0,14,117,7,1,69
0,39,80,4,1,49
0,68,38,2,0,32
0,52,72,1,0,41
0,65,94,2,0,25
0,42,32,7,0,15
0,47,79,12,0,31
1,31,69,7,0,28
1,50,39,9,1,22
0,22,82,16,0,25
0,56,124,4,0,21
0,45,182,5,0,19
0,56,18,6,0,5
0,48,17,0,0,12
0,27,15,3,0,13
0,42,7,1,0,8
0,52,17,3,1,10
0,60,14,3,0,8
0,42,13,1,0,11
0,54,16,0,0,17
0,55,19,0,0,10
0,49,11,2,0,10
1,50,17,2,0,12
0,63,9,1,0,9
0,60,18,0,0,12
0,57,21,2,0,16
1,62,21,2,0,18
0,41,20,1,0,16
0,46,9,1,0,6
0,57,15,0,0,13
0,55,9,1,0,12
0,33,22,1,0,17
0,40,13,8,0,41
0,28,14,5,0,25
0,62,7,1,0,6
1,57,1,0,0,3
1,45,18,4,1,26
1,68,2,3,0,18
0,10,10,3,0,32
1,65,6,1,0,13
1,50,5,6,0,35
0,57,11,2,0,21
0,28,3,2,0,24
2,49,0,0,0,2
1,73,10,2,0,16
1,29,9,4,0,31
1,41,5,3,0,20
3,45,6,2,0,6
1,57,1,0,0,3
1,69,6,1,0,10
2,43,1,2,0,7
3,39,6,5,0,6
0,40,15,14,1,11
1,45,13,7,0,11
2,53,14,15,1,9
4,27,22,23,7,15
0,28,24,24,0,14
0,38,29,25,2,13
0,22,32,40,2,13
0,28,37,27,1,16
0,25,28,22,0,12
1,20,3,0,0,3
0,25,28,29,2,12
0,38,16,17,0,16
0,28,32,26,0,10
0,30,11,6,0,7
0,36,11,20,2,9
0,35,15,16,0,15
0,9,36,40,8,16
0,48,29,24,0,6
0,40,23,8,0,16
0,34,16,6,0,7
1,0,20,5,1,61
1,58,5,0,1,21
0,64,2,0,0,4
0,86,10,0,0,1
2,41,2,2,1,23
0,80,0,0,0,0
0,77,5,0,0,6
0,44,3,0,0,0
0,91,3,1,0,15
0,81,3,0,0,0
0,76,4,1,0,10
0,88,5,0,0,0
0,79,11,0,0,14
0,34,3,1,0,15
0,71,5,1,0,8
0,50,58,5,1,17
0,43,38,2,0,23
0,43,29,1,0,13
0,67,48,3,0,3
0,59,97,13,1,14
0,76,54,10,2,9
0,72,55,3,1,33
0,54,12,1,0,6
0,56,63,10,0,16
0,73,51,7,2,13
0,60,60,2,1,27
0,87,51,6,0,11
0,47,40,13,0,16
0,68,49,8,0,23
0,79,24,2,1,26
0,53,36,4,0,11
0,33,31,5,1,10
0,60,71,11,0,20
0,67,47,5,2,16
0,48,67,13,1,20
0,108,14,5,0,5
0,55,25,1,0,9
0,33,43,11,0,6
0,25,34,15,1,16
0,28,7,3,0,6
0,13,117,11,1,37
0,26,27,9,0,39
0,46,30,3,0,37
0,0,37,6,0,68
0,67,12,7,0,10
0,58,16,2,0,5
0,46,14,0,0,26
0,0,147,6,0,45
0,72,7,0,0,15
0,49,6,4,0,9
0,45,74,6,0,25
0,0,236,9,0,15
0,58,2,0,0,6
0,55,8,0,0,16
0,11,71,6,0,35
0,17,141,5,0,17
0,50,7,0,0,7
0,73,7,0,0,11
0,21,53,7,0,27
1,38,63,6,0,12
1,0,38,5,0,71
0,0,154,4,0,45
0,0,242,9,0,12
0,19,143,5,0,16
1,40,62,4,0,13
0,10,1,1,0,1
0,21,43,9,0,25
0,52,27,5,0,13
1,38,37,2,2,27
4,42,31,7,3,18
0,0,0,0,0,0
1,27,7,2,0,15
2,56,8,1,0,7
2,48,8,0,1,10
6,48,17,0,0,18
0,26,30,1,0,13
0,15,29,5,0,29
1,79,11,0,0,4
1,30,18,4,2,35
3,47,26,7,1,15
0,26,34,14,0,23
0,34,17,5,1,15
2,45,19,5,0,18
1,59,23,5,0,20
4,61,30,5,0,13
0,47,35,15,0,23
1,29,21,6,0,15
3,29,31,6,2,35
2,49,27,6,0,21
5,56,35,9,0,12
4,40,33,7,4,20
6,47,24,1,0,23
3,45,26,6,1,19
4,61,31,4,0,12
6,55,40,8,0,12
0,50,23,7,2,31
0,28,20,7,0,49
2,9,37,24,0,43
2,0,57,50,3,42
2,0,57,40,4,40
0,0,82,29,2,59
0,57,33,8,0,16
0,47,15,2,0,28
0,35,40,13,2,26
5,47,33,5,0,33
3,25,55,9,0,42
6,10,45,7,2,45
0,62,10,2,0,4
0,47,14,2,0,13
0,97,6,2,0,10
0,88,27,17,1,16
3,13,51,34,1,40
2,73,29,6,1,13
0,6,0,0,0,0
0,20,11,10,0,14
0,33,12,4,0,7
0,49,17,11,0,18
0,40,26,5,0,17
0,118,11,0,0,8
0,0,0,0,0,0
0,2,0,0,0,0
0,51,13,14,0,5
0,61,19,11,0,22
0,69,12,1,0,5
0,81,24,1,0,17
0,0,73,25,0,59
8,4,47,13,3,47
3,68,28,2,3,11
0,109,10,5,1,9
0,69,32,1,0,30
0,0,309,0,1,6
0,23,208,0,0,9
0,85,33,1,1,5
0,0,251,0,0,26
0,48,80,1,0,17
0,44,9,1,0,2
0,0,18,2,0,43
0,0,73,4,0,59
0,66,43,0,0,33
0,0,9,1,0,36
0,0,37,2,0,48
0,39,66,0,0,41
0,50,9,0,0,8
0,37,19,1,0,19
0,68,10,0,0,22
0,80,18,0,0,16
0,46,19,2,0,16
0,29,17,0,0,24
0,67,2,0,0,0
0,46,3,1,0,3
0,54,1,0,0,6
0,70,3,0,0,3
0,60,3,0,0,7
0,38,25,1,0,24
0,48,3,2,2,10
0,14,0,0,0,0
0,18,0,0,0,0
0,56,0,0,0,0
0,43,23,1,0,15
0,24,0,0,0,0
0,23,0,0,0,0
0,29,1,0,0,1
0,38,8,2,0,8
0,49,3,1,0,4
0,15,0,0,0,0
1,48,7,1,0,5
0,53,0,0,0,0
0,24,12,2,1,24
0,20,3,0,0,5
10,36,11,0,0,6
1,69,7,1,0,6
0,61,4,0,0,1
6,14,16,4,2,28
0,22,3,0,0,6
11,66,11,0,0,7
1,58,5,1,0,2
0,44,2,0,0,8
0,10,0,0,0,0
0,36,2,0,0,0
2,42,12,1,0,12
1,64,5,0,0,5
1,45,3,0,0,1
0,41,34,4,2,17
0,29,22,9,1,19
0,26,29,18,7,10
0,54,15,10,0,6
0,28,26,9,7,9
0,35,20,8,3,16
0,41,9,5,0,13
0,46,16,1,1,8
0,45,7,3,0,7
0,41,6,0,0,1
0,44,25,2,2,16
0,39,16,0,3,7
0,57,8,0,0,0
0,32,42,30,0,32
0,8,47,10,0,43
0,0,88,11,1,41
1,0,94,17,1,52
0,0,107,25,0,50
1,0,88,15,7,53
0,52,2,0,0,0
0,28,24,4,0,16
0,38,23,2,0,8
1,0,75,8,0,38
0,0,102,23,3,50
2,0,82,17,1,53
0,0,128,8,2,62
0,74,12,9,0,10
0,67,20,4,0,18
0,8,34,8,0,19
0,0,80,25,0,38
1,0,84,47,2,36
0,0,106,6,1,71
0,0,219,1,0,44
0,45,22,26,0,21
0,9,43,26,0,42
0,0,77,19,1,49
3,0,84,7,0,58
0,0,103,20,0,51
0,0,78,15,4,76
0,0,161,11,2,56
1,37,22,6,0,16
0,55,28,3,0,12
0,39,49,25,0,32
3,0,99,38,1,48
0,0,184,18,0,50
0,0,101,24,0,66
0,0,67,27,0,73
0,45,4,2,0,5
0,43,13,6,0,5
0,35,30,13,2,21
2,0,80,41,2,47
8,0,89,17,2,66
1,0,62,26,0,61
0,0,35,27,0,17
0,53,21,4,0,7
0,27,42,2,1,32
0,73,18,4,1,7
5,25,42,17,4,44
0,0,71,58,1,39
1,3,38,28,0,33
0,0,20,26,0,21
0,0,7,0,0,16
1,82,10,0,0,7
1,17,57,19,1,33
3,35,42,19,1,43
0,0,40,21,0,24
17,0,29,28,0,36
5,0,60,28,1,61
0,0,6,0,0,13
0,73,9,0,0,14
2,17,59,6,0,38
3,17,44,19,0,47
0,0,29,18,0,15
26,0,36,23,0,38
6,0,55,19,1,56
1,0,84,15,7,46
0,0,130,10,2,61
0,0,225,1,0,39
0,0,170,9,2,48
2,0,70,26,1,68
0,0,20,15,0,14
0,0,22,25,0,25
5,0,52,15,1,65
6,0,48,11,1,55
3,71,16,1,1,17
0,70,7,0,1,9
0,81,6,1,0,11
16,52,24,1,8,33
0,59,20,0,5,25
0,53,15,1,1,16
1,49,20,1,3,29
2,19,42,8,16,55
0,49,13,0,5,9
0,63,15,1,4,9
4,17,41,7,9,58
5,31,25,1,6,67
1,56,14,0,2,11
6,41,29,1,11,79
1,0,28,0,3,73
5,0,16,1,4,99
1,60,18,0,2,14
6,27,33,1,9,83
1,0,22,0,1,71
5,0,17,1,4,96
15,34,10,0,2,23
2,28,14,1,5,16
6,24,42,4,11,66
6,0,37,2,4,93
6,0,29,1,6,96
0,49,44,9,3,26
4,42,35,7,2,30
1,50,25,7,5,18
4,22,46,12,4,34
0,77,17,0,2,15
0,55,4,1,0,8
5,38,31,5,3,26
6,24,37,9,0,34
2,31,42,9,3,28
1,82,16,6,1,6
6,40,20,3,0,18
2,33,50,10,1,36
5,66,21,0,0,28
1,62,23,12,2,12
0,57,26,4,0,17
3,45,31,5,0,33
4,25,49,12,4,36
4,23,37,9,0,33
2,29,51,10,0,38
4,40,31,7,0,36
0,4,54,0,0,25
0,28,53,0,1,31
0,49,18,0,0,27
0,51,23,2,0,20
0,28,18,2,2,29
0,40,7,0,0,8
0,62,27,3,0,31
0,58,9,0,0,23
0,7,56,13,0,44
0,22,65,9,0,38
0,41,25,8,2,31
0,64,7,1,0,20
0,1,58,14,0,43
0,31,61,6,1,30
0,34,22,4,2,29
0,76,7,1,0,22
0,53,21,2,0,20
0,59,9,0,0,20
0,66,7,1,0,20
0,78,7,1,0,22
0,131,1,1,0,2
0,71,1,0,0,9
0,63,5,1,0,7
0,31,50,17,1,21
0,22,32,18,1,14
0,85,9,0,0,0
0,58,4,0,0,12
0,92,10,0,0,8
0,41,31,7,1,27
0,27,32,7,1,13
0,77,14,0,0,14
0,98,1,0,0,1
0,29,25,3,0,21
0,16,43,8,6,18
0,33,33,10,1,11
0,78,1,0,0,5
0,91,2,0,0,0
0,49,36,7,2,25
0,14,25,2,3,12
0,32,19,5,1,3
0,25,26,13,0,10
0,27,36,8,1,14
0,31,29,8,1,10
0,27,20,8,1,7
9,64,20,4,0,27
20,31,47,7,19,46
15,38,23,4,1,40
7,69,8,1,2,23
4,87,19,0,2,13
21,15,49,1,9,45
7,65,11,0,0,17
1,90,2,0,0,11
12,53,31,4,0,22
11,24,64,7,2,48
10,18,44,12,8,36
3,31,3,0,0,11
8,45,36,4,5,41
9,15,46,12,4,49
8,0,60,10,9,55
11,28,25,3,3,36
5,60,31,0,8,21
1,72,11,0,2,10
2,64,20,5,5,24
0,98,5,0,1,6
1,27,19,16,0,19
0,57,11,13,1,18
0,56,16,10,0,30
0,28,27,12,0,29
0,43,10,3,0,13
0,45,17,9,0,22
0,46,24,12,0,34
0,61,12,5,0,9
0,51,24,13,0,38
0,57,18,10,0,23
0,42,15,2,0,14
0,45,27,7,0,16
0,53,14,8,0,27
0,56,16,7,0,21
0,41,16,6,0,20
0,57,24,4,0,15
0,22,23,10,0,22
0,90,4,4,0,12
0,37,10,6,0,20
0,31,13,4,0,22
0,46,14,16,0,26
0,68,7,12,0,15
1,36,7,11,1,41
0,40,11,17,0,22
0,63,1,0,0,2
0,42,8,10,0,38
0,57,7,7,1,9
0,46,9,17,0,12
0,28,15,11,0,17
0,62,11,3,0,6
0,68,13,2,0,4
0,55,12,1,0,10
0,59,6,5,1,10
0,39,104,1,0,38
0,59,19,2,0,11
0,53,10,1,0,8
0,39,81,0,0,17
0,50,57,1,0,33
0,49,8,0,0,8
0,53,6,0,0,5
0,72,10,0,0,8
0,51,27,5,1,17
0,48,18,7,0,18
0,67,18,1,0,14
0,67,12,3,0,4
0,60,24,11,0,31
0,2,40,26,0,46
0,87,1,3,0,16
0,92,1,0,0,1
0,131,5,0,0,0
0,69,9,2,0,9
0,46,28,12,0,22
0,96,2,0,0,2
0,45,19,6,0,25
0,100,5,0,0,0
0,100,8,5,0,8
0,74,22,2,0,19
0,44,21,6,0,28
0,100,3,1,0,0
0,111,5,3,0,7
0,74,21,2,0,19
0,83,1,0,0,2
0,97,1,0,0,0
0,78,22,2,0,19
0,81,21,2,0,19
1,84,13,4,0,2
1,35,27,15,0,16
2,13,30,6,1,24
1,8,57,29,2,16
0,40,16,2,0,5
4,44,40,5,1,19
3,25,42,12,0,29
1,24,29,14,0,12
0,51,5,0,0,1
17,30,59,15,1,0
8,31,23,7,2,16
1,10,28,11,1,32
0,54,8,2,0,4
18,40,43,5,1,7
3,54,12,2,0,6
0,39,17,7,0,9
0,76,1,1,0,3
2,85,13,1,0,7
0,57,11,2,0,11
1,31,8,2,1,1
0,69,14,6,0,10
3,9,15,1,0,0
2,13,38,9,1,19
2,25,8,1,0,4
0,46,34,7,0,3
1,50,16,7,0,12
2,0,58,47,0,31
0,18,11,2,1,23
1,66,15,1,0,11
1,56,19,15,0,3
8,2,56,31,2,35
0,13,26,15,0,14
1,54,17,1,0,13
1,62,7,5,0,1
8,2,55,32,2,34
0,9,29,12,0,21
1,3,59,30,2,24
1,29,29,15,1,11
1,12,28,11,1,25
0,40,12,5,0,5
1,39,5,2,1,0
2,23,5,1,0,3
0,18,9,2,0,18
1,15,20,9,0,11
1,11,26,7,0,17
0,76,2,0,0,0
0,101,0,0,0,1
0,112,2,3,0,1
0,72,3,4,0,3
0,56,2,1,0,1
0,39,5,8,0,0
0,96,0,0,0,0
0,33,0,0,0,0
0,66,11,4,0,5
0,45,14,2,0,9
0,84,8,1,0,3
0,88,2,0,0,3
0,65,23,13,0,15
0,81,3,1,0,1
0,60,16,15,0,16
0,39,19,22,0,12
0,33,34,16,0,15
0,77,0,0,0,2
0,23,43,27,0,20
0,60,35,16,0,14
0,19,35,26,0,30
0,14,44,46,0,18
0,12,40,38,0,22
0,65,11,6,0,11
0,15,5,6,0,0
0,70,1,0,0,0
0,84,0,0,0,2
0,77,3,0,0,4
0,0,5,0,0,2
0,45,1,0,0,0
0,99,14,3,0,19
0,0,12,0,1,3
0,49,4,0,0,5
0,63,8,1,1,14
0,42,5,1,0,3
0,70,21,3,0,19
0,88,9,1,0,26
0,169,3,0,0,4
0,108,18,3,0,19
0,117,9,1,0,20
1,104,5,1,0,7
0,76,11,6,0,22
0,49,9,2,0,28
0,43,17,3,0,38
0,24,11,3,1,21
0,50,9,2,0,24
0,59,22,1,0,34
0,19,20,1,0,38
0,2,4,0,0,3
1,60,31,1,0,14
6,37,29,1,2,19
3,25,36,4,2,19
0,80,15,2,0,11
1,64,14,6,0,17
0,32,31,8,1,34
0,44,34,4,1,14
5,71,19,4,0,19
1,26,41,8,1,16
0,40,31,3,0,7
2,25,43,5,1,14
2,46,20,6,0,9
0,15,59,7,2,17
0,33,69,11,1,10
2,47,44,7,1,12
0,30,33,3,2,14
0,35,33,5,1,11
2,21,50,6,3,18
2,33,47,8,3,18
9,31,27,5,1,35
10,44,31,8,0,30
2,24,14,8,0,34
2,4,15,2,0,28
11,101,11,0,0,0
11,53,12,2,0,37
1,112,9,0,0,2
3,15,11,2,0,31
16,2,24,6,0,35
19,10,25,7,0,29
18,28,21,9,0,29
8,26,24,26,0,20
16,0,29,6,0,37
16,10,26,6,0,26
18,8,25,14,0,32
9,28,22,28,0,20
0,83,10,0,0,4
0,0,17,0,0,35
2,40,35,11,1,21
4,44,39,10,1,21
0,51,30,7,1,21
0,28,2,0,0,8
0,45,33,26,1,21
0,31,17,4,0,23
0,37,47,18,0,28
0,31,30,12,1,20
0,33,38,14,0,24
0,36,14,1,0,23
0,35,20,14,0,15
0,42,43,7,0,26
0,62,18,5,0,21
0,26,49,7,2,30
0,38,10,5,0,17
0,34,51,7,1,26
0,42,52,8,0,35
0,40,43,6,1,31
0,30,22,4,0,26
0,31,32,3,0,29
0,29,53,8,2,38
0,46,39,6,1,29
0,45,25,10,0,4
0,38,15,11,0,11
0,0,11,2,0,6
0,28,11,3,0,28
1,29,7,5,0,17
0,42,27,19,0,16
0,20,21,13,4,6
0,9,4,3,0,1
0,0,8,0,0,19
0,3,4,2,0,17
0,48,25,21,1,15
0,47,19,3,5,9
0,11,14,8,0,7
0,0,14,3,0,12
0,0,12,1,1,22
0,33,21,52,1,7
0,46,10,17,0,15
0,0,14,16,1,21
0,0,8,3,0,17
0,0,14,4,0,29
0,55,17,41,1,8
0,48,6,16,1,14
0,1,9,14,1,24
0,0,10,6,0,20
0,0,13,7,0,31
0,31,16,12,0,19
0,21,7,4,0,14
0,0,11,2,0,19
0,0,16,5,0,30
0,0,17,8,0,31
0,68,17,3,1,16
0,91,20,0,1,7
0,74,8,0,0,21
0,65,15,1,0,20
0,58,22,2,0,15
0,55,44,9,0,19
0,74,16,6,1,20
0,67,18,2,0,22
0,50,24,3,1,23
0,67,45,0,0,28
0,50,38,8,2,29
0,28,39,17,2,21
0,40,36,13,3,27
0,52,57,3,3,36
0,70,20,0,0,17
0,61,6,1,0,3
0,40,8,3,0,6
0,56,11,7,0,11
0,51,10,1,1,1
0,25,1,0,0,0
0,50,23,2,0,15
0,67,40,1,0,30
0,65,27,3,0,18
0,21,1,0,0,0
0,70,4,0,0,3
0,5,8,1,0,0
0,39,1,0,0,4
2,7,33,8,3,13
0,60,10,3,0,2
0,82,19,6,1,5
1,48,10,1,0,1
0,21,3,1,0,1
0,9,7,0,0,2
2,5,69,7,6,39
1,36,41,11,10,14
1,58,14,1,0,5
0,68,14,1,1,7
4,35,25,1,1,3
0,53,1,2,0,0
0,31,4,0,0,0
0,9,83,22,6,27
1,47,22,3,1,7
1,68,16,5,0,5
0,4,123,4,2,20
0,0,5,0,0,0
0,82,2,0,0,0
0,33,1,0,0,3
2,16,76,5,2,18
1,53,12,0,1,4
0,18,86,21,4,13
0,5,33,15,0,11
0,0,0,0,0,0
0,10,2,0,0,0
0,85,1,0,0,0
0,36,10,0,0,3
0,63,13,0,0,3
0,12,44,12,1,22
0,6,2,1,0,1
0,16,0,0,0,0
0,16,2,2,0,1
0,44,4,1,0,4
0,1,2,3,0,0
0,29,4,0,0,0
0,49,0,0,0,0
0,66,4,1,0,1
0,28,0,0,0,0
0,15,3,2,0,1
0,50,4,1,0,5
0,0,1,1,0,0
0,22,4,0,0,0
0,76,0,1,0,0
0,66,5,1,0,1
0,35,0,0,0,0
0,58,14,0,3,2
0,40,17,1,0,4
0,29,31,10,1,18
0,0,4,2,0,7
0,28,12,4,0,7
0,37,0,0,0,0
0,36,3,0,0,0
0,49,26,11,0,20
0,49,39,1,0,27
0,81,29,3,0,29
0,54,14,4,0,5
0,32,60,16,1,21
0,115,1,0,0,0
0,6,62,15,1,24
0,108,20,9,0,5
1,139,6,1,0,0
0,0,90,20,1,25
0,119,26,5,1,6
1,137,7,1,0,0
0,66,1,0,0,0
0,122,4,2,0,0
0,122,4,1,0,0
0,102,6,0,0,0
0,44,5,0,1,7
0,107,3,0,1,0
2,93,4,2,0,3
1,58,4,2,0,2
2,98,5,1,1,4
0,124,6,1,0,0
1,86,2,0,0,1
0,39,4,0,0,0
0,99,1,2,0,7
0,104,4,0,0,2
0,14,1,1,0,0
1,56,3,2,0,9
0,105,3,2,0,2
0,94,8,1,0,2
0,67,0,1,0,4
0,10,1,0,0,2
17,17,47,14,5,15
17,77,9,3,0,8
20,57,7,0,0,3
13,55,27,11,2,12
12,48,4,3,0,5
9,55,6,0,0,0
5,34,40,15,2,15
1,63,9,5,1,6
27,76,10,0,0,4
7,24,60,13,3,22
7,29,54,16,0,23
43,30,43,3,0,28
20,62,14,0,0,11
14,73,7,4,0,3
12,61,5,0,0,1
44,63,10,0,0,12
2,0,34,23,3,39
0,17,30,20,2,53
9,8,13,6,2,76
7,0,12,10,3,49
5,0,19,10,1,64
0,0,19,5,0,46
6,10,21,8,1,54
1,0,31,7,0,71
1,0,13,4,0,80
3,5,19,8,1,56
9,0,19,6,3,56
3,0,12,6,3,74
15,41,8,3,0,21
14,1,15,10,0,73
8,0,20,7,2,56
5,3,13,5,6,64
5,46,6,4,0,23
2,35,18,4,0,26
9,34,16,4,1,41
2,50,21,4,0,31
0,66,6,1,0,12
4,41,9,1,1,20
0,46,0,1,0,7
3,36,17,8,2,25
4,18,30,6,0,61
5,7,38,10,3,58
0,28,23,6,2,33
3,42,17,1,2,25
3,35,15,5,4,25
3,12,22,14,2,39
0,0,19,5,0,47
3,0,12,6,3,75
2,35,18,4,0,27
3,36,17,8,2,25
3,12,22,14,2,40
1,77,9,0,0,10
0,74,4,1,0,17
1,29,27,2,0,33
0,1,27,5,0,31
0,81,2,1,0,19
0,90,9,0,0,12
0,81,9,0,0,8
0,0,22,5,1,48
0,0,10,0,0,47
0,25,14,1,0,52
0,69,5,0,0,21
0,49,15,5,0,30
0,0,9,1,0,42
0,0,19,3,0,73
0,11,14,1,0,40
0,10,8,2,0,39
0,4,13,5,0,23
0,0,17,8,1,44
0,21,21,5,0,39
0,2,6,2,0,34
0,65,6,11,0,14
1,68,5,0,0,0
0,88,12,1,0,16
1,45,14,4,1,16
0,31,10,12,0,23
0,28,24,13,0,51
1,11,26,13,0,69
0,44,20,10,0,33
1,65,8,0,0,10
0,22,42,19,2,55
0,20,35,13,5,58
0,37,36,24,4,37
1,57,10,4,1,4
0,59,18,17,4,37
0,66,18,9,1,32
0,59,25,7,0,35
1,53,12,6,1,4
0,54,18,16,5,42
0,61,39,10,1,45
0,53,40,8,0,42
0,10,1,0,0,7
0,24,22,22,0,46
0,3,45,25,2,50
0,58,14,5,0,26
0,61,16,10,1,18
0,47,23,3,6,12
1,41,22,4,2,16
0,52,14,8,1,11
0,38,30,7,4,20
0,28,34,15,8,27
0,32,41,8,4,23
0,50,25,5,3,9
0,34,24,7,6,12
0,41,19,5,1,12
0,37,22,8,3,15
0,60,24,11,6,17
1,56,39,14,3,28
0,46,20,1,2,12
0,51,13,2,2,13
0,39,24,7,2,14
1,39,19,14,6,15
0,54,19,17,8,16
1,59,21,12,0,25
0,48,18,2,3,21
0,52,19,5,1,16
0,39,22,5,0,15
0,40,23,9,6,19
0,40,33,15,6,15
0,27,30,9,3,9
1,37,17,9,3,12
0,43,29,10,2,9
0,37,65,10,0,29
0,55,17,3,2,10
0,40,28,4,0,21
0,48,21,5,2,13
1,32,16,9,2,18
0,54,21,3,3,10
0,40,45,10,0,26
0,48,20,3,2,13
0,45,12,6,0,18
0,38,36,9,4,13
0,23,35,6,4,18
1,38,29,10,3,24
1,58,15,4,0,26
0,20,15,5,2,4
0,47,10,1,0,6
0,47,19,3,1,4
0,137,1,0,0,0
1,104,3,0,0,1
9,96,8,0,0,0
0,107,3,1,1,0
9,119,5,0,0,0
0,115,3,1,2,0
3,116,3,0,1,0
0,104,1,0,0,0
0,121,2,0,0,0
0,58,3,0,0,0
0,29,17,0,0,14
0,63,5,0,0,1
3,53,48,23,2,14
0,48,10,1,0,20
0,46,16,1,0,12
1,33,35,6,1,15
2,51,34,9,0,33
0,15,29,4,1,49
0,45,9,1,0,9
1,32,68,15,4,34
1,37,41,14,1,14
6,14,30,2,1,34
0,44,21,2,2,22
0,29,44,14,2,23
0,57,10,2,1,4
0,9,49,24,1,17
0,81,15,6,1,12
0,56,28,15,1,21
6,27,35,6,4,26
0,46,33,1,0,24
0,68,37,5,3,13
0,73,26,0,1,20
0,86,22,0,1,9
0,100,24,4,0,11
0,67,22,1,0,29
0,89,25,3,0,18
0,79,42,3,0,24
0,75,26,1,1,30
0,85,23,3,0,13
0,77,38,12,0,19
0,62,43,5,0,22
0,79,35,1,1,28
0,77,35,1,0,13
0,56,48,12,0,20
0,57,28,3,0,13
0,79,13,0,0,9
0,80,37,1,0,23
0,82,31,3,0,15
0,68,16,1,0,9
0,91,5,0,0,8
2,90,5,0,0,2
0,68,22,15,2,14
2,87,2,0,1,12
9,79,11,1,0,2
0,117,12,0,2,8
2,88,2,0,1,14
9,79,12,1,0,2
0,114,11,0,2,8
0,68,22,15,2,14
0,119,11,0,2,9
0,115,10,0,2,9
0,20,10,0,0,79
0,87,1,0,0,21
0,85,1,0,0,36
0,71,6,0,0,24
0,62,3,0,0,29
0,73,3,0,0,46
0,70,6,0,0,25
0,64,2,0,0,31
0,74,3,0,0,41
0,85,1,0,0,36
0,71,3,0,0,45
0,72,3,0,0,41
0,75,29,14,0,18
0,82,21,10,1,29
0,76,30,10,0,24
0,75,29,16,2,29
0,66,18,8,2,20
1,78,19,13,0,29
0,72,29,18,2,31
0,67,19,9,2,21
1,79,18,13,0,29
0,74,33,10,0,24
1,75,17,13,0,29
1,75,16,13,0,29
0,87,122,3,3,38
1,83,163,2,3,21
0,38,257,4,5,33
0,99,68,6,5,32
1,104,47,2,2,29
0,114,66,8,7,45
0,94,68,5,4,32
1,99,44,2,2,27
0,116,60,8,7,46
0,35,264,4,5,32
0,118,67,8,7,43
0,120,60,8,7,44
6,38,27,3,0,6
2,58,17,17,0,15
0,78,13,8,0,8
5,23,29,4,1,11
0,92,19,6,0,10
0,79,27,13,0,15
5,21,33,5,1,13
0,91,18,4,0,10
0,81,27,13,0,15
0,77,11,7,0,8
0,76,27,13,0,14
0,78,27,13,0,14
0,53,27,7,0,32
0,44,32,13,0,36
0,41,37,3,0,31
0,61,36,14,1,38
0,20,43,13,2,38
0,69,2,0,1,3
0,62,35,14,0,38
0,21,44,13,1,39
0,71,2,0,1,0
0,40,36,4,0,32
0,67,2,0,1,4
0,69,2,0,1,0
0,92,7,2,0,16
0,65,13,1,0,41
0,101,8,1,0,9
0,86,6,0,0,8
0,73,1,1,1,9
0,57,7,3,0,10
0,86,6,0,0,8
0,65,1,1,1,9
0,51,7,3,0,10
0,100,7,1,0,9
0,60,7,3,0,10
0,53,7,3,0,10
0,64,11,1,0,7
0,87,8,0,1,5
0,60,10,0,1,28
0,93,14,5,1,12
0,58,17,1,2,6
0,73,27,6,1,17
0,84,22,11,0,25
0,70,51,14,0,28
0,77,37,16,1,20
0,85,24,13,0,22
0,83,29,12,0,20
0,78,19,4,0,25
0,86,25,13,0,21
0,85,30,12,0,19
0,79,20,4,0,24
0,81,37,15,1,21
0,76,20,4,0,26
0,78,21,4,0,25
0,4,2,0,0,38
1,8,5,1,0,27
0,0,4,1,0,32
0,65,3,0,0,13
0,76,2,1,0,4
0,45,5,3,0,14
0,62,3,0,0,12
0,76,2,1,0,4
0,45,4,3,0,14
0,0,4,1,0,31
0,45,5,3,0,14
0,45,4,3,0,14
0,93,3,0,0,29
0,102,5,0,0,20
1,95,2,0,0,8
1,40,20,1,0,13
1,50,18,1,0,43
0,73,2,1,0,13
1,38,20,1,0,9
2,45,18,1,0,43
0,77,2,1,0,10
1,99,2,0,0,9
0,74,2,1,0,13
0,78,2,1,0,10
0,89,31,13,0,17
0,76,24,9,0,16
0,79,21,8,0,36
0,95,29,6,1,21
0,78,17,11,0,22
0,81,27,7,1,32
0,91,29,6,1,21
0,78,20,11,0,22
0,81,27,7,1,32
0,80,21,9,0,37
0,80,30,8,1,31
0,80,30,8,1,31
0,70,10,4,0,19
0,78,24,17,0,24
1,83,30,20,3,30
0,69,22,12,0,28
0,79,47,16,0,30
0,70,53,20,3,37
0,73,22,10,0,26
0,81,48,12,0,30
0,64,60,23,3,40
1,80,35,21,3,31
0,71,51,19,3,37
0,64,58,21,3,41
0,116,16,3,0,22
0,136,14,6,0,4
0,87,21,0,0,26
0,137,16,1,0,13
0,126,19,1,1,5
0,53,31,0,0,42
0,133,17,1,0,11
0,124,19,1,1,5
0,57,30,0,0,40
0,86,20,0,0,25
0,52,29,0,0,39
0,55,29,0,0,37
0,99,24,3,0,20
0,77,22,17,0,23
0,65,19,8,0,24
0,121,23,10,0,18
0,94,23,14,0,19
0,72,21,6,0,20
0,120,21,10,0,19
0,92,21,14,0,19
0,76,22,6,0,17
0,69,19,8,0,24
0,70,21,6,0,20
0,73,22,6,0,17
0,160,0,0,0,0
0,7,3,0,0,104
0,99,3,0,0,8
0,99,1,0,0,24
0,48,4,0,2,73
0,89,5,0,0,22
0,98,1,0,0,25
0,47,5,0,2,72
0,89,5,0,0,25
0,101,1,0,0,7
0,89,5,0,0,22
0,90,5,0,0,25
0,70,10,2,0,8
0,73,13,4,2,16
0,71,2,5,2,14
0,76,20,4,3,22
0,64,17,2,5,15
0,74,17,7,1,23
0,55,1,0,0,24
1,15,7,0,1,41
1,34,8,0,0,17
0,64,7,0,1,11
1,135,1,0,0,5
1,103,13,2,0,0
0,55,7,0,1,12
1,129,1,0,0,6
1,102,13,2,0,0
1,35,8,0,0,17
1,105,13,2,0,0
1,102,13,2,0,0
0,47,12,0,0,20
0,87,2,0,0,19
0,97,2,0,0,13
0,68,4,0,0,17
0,102,2,0,0,15
0,77,2,1,0,20
0,66,5,0,0,20
0,103,2,0,0,11
0,75,2,1,0,22
0,98,2,0,0,13
0,75,2,1,0,20
0,73,2,1,0,22
0,57,9,0,2,63
0,50,2,0,0,74
0,77,3,0,0,17
0,67,8,0,0,27
0,67,2,1,1,41
0,58,13,1,0,40
0,67,8,0,0,23
0,74,1,1,1,35
0,55,13,1,0,46
0,77,3,0,0,18
0,62,13,1,0,34
0,60,13,1,0,39
0,118,1,1,0,3
0,48,21,8,0,56
0,76,7,1,1,31
0,82,5,3,0,35
0,108,5,1,1,22
0,129,6,1,0,19
0,87,6,3,0,32
0,117,5,1,1,17
0,125,6,1,0,19
0,79,7,1,1,29
0,129,7,1,0,20
0,125,7,1,0,20
0,59,24,5,0,32
0,65,21,11,0,24
0,72,24,11,1,26
1,40,54,6,0,44
0,68,51,11,1,24
0,60,35,26,2,23
1,42,54,7,0,42
0,65,47,11,1,23
0,59,34,25,2,25
0,72,25,11,1,28
0,60,38,24,3,21
0,59,37,24,3,23
1,60,4,2,2,25
4,123,5,0,1,7
1,104,6,4,0,11
1,71,12,3,1,21
1,28,16,6,2,21
0,138,3,0,0,8
1,68,11,3,1,20
1,28,15,6,2,19
0,142,3,0,0,7
1,105,6,4,1,10
0,138,4,0,0,7
0,142,4,0,0,6
0,61,27,6,0,23
0,42,12,10,1,25
0,44,46,13,2,41
0,63,27,16,0,18
0,33,59,14,1,18
0,31,34,12,0,43
0,66,26,16,0,19
0,28,62,14,1,20
0,34,32,12,0,42
0,43,47,15,2,40
0,32,34,11,0,42
0,35,32,11,0,40
0,48,96,14,0,42
0,57,16,1,0,13
0,81,98,6,1,48
0,47,47,2,1,32
0,72,40,8,3,34
0,94,67,6,2,39
0,48,46,2,1,31
0,70,42,9,3,35
0,91,70,6,2,43
0,81,100,6,1,49
0,93,67,6,2,37
0,89,68,6,2,41
1,92,28,7,3,29
1,71,34,13,3,18
2,87,17,12,2,19
0,90,34,10,1,33
2,78,31,8,2,24
0,85,21,6,1,14
0,87,36,10,1,34
2,80,32,8,2,24
0,84,25,9,2,14
1,89,17,13,2,19
0,86,20,5,1,13
0,85,24,8,2,13
0,83,20,3,0,20
0,88,27,9,0,23
0,76,53,7,2,17
0,67,25,4,0,45
0,85,27,11,0,21
0,39,186,14,1,23
0,66,24,4,0,47
0,82,27,11,0,21
0,38,182,16,0,24
0,74,56,6,2,16
0,37,193,10,1,22
0,37,189,12,0,23
0,48,9,2,0,44
0,44,7,0,1,37
0,58,5,0,0,25
0,24,13,5,0,56
0,81,1,0,0,14
0,43,4,0,0,9
0,25,13,5,0,55
0,82,1,0,0,16
0,44,4,0,0,11
0,60,5,0,0,22
0,43,5,0,0,9
0,44,5,0,0,11
0,68,30,17,3,37
0,65,24,10,0,32
0,55,7,9,0,20
0,46,50,25,1,35
0,74,22,18,3,13
0,66,30,19,0,28
0,44,56,26,1,37
0,77,19,17,2,14
0,69,29,20,0,26
0,55,7,9,0,20
0,64,29,20,0,25
0,67,28,21,0,23
0,91,5,0,0,42
0,71,2,0,0,42
0,56,2,0,0,23
0,67,5,0,0,32
0,41,3,0,0,40
0,32,5,1,0,35
0,60,6,0,0,33
0,36,3,0,0,40
0,38,5,1,0,32
0,55,2,0,0,23
0,32,5,1,0,36
0,38,5,1,0,33
0,93,11,2,0,20
0,42,27,1,0,59
0,55,12,3,1,27
0,112,9,0,0,17
0,30,12,2,0,28
0,67,14,2,2,24
0,110,9,0,0,17
0,27,13,2,0,27
0,67,15,1,2,24
0,58,11,3,1,26
0,67,13,2,2,24
0,68,14,1,2,24
0,90,23,6,0,4
0,103,24,4,0,5
2,84,46,36,0,10
0,73,31,6,0,2
0,89,23,5,0,6
0,126,14,3,0,4
0,68,34,6,0,2
0,87,25,6,0,6
0,124,17,3,0,4
2,86,44,36,0,10
0,127,14,3,0,4
0,127,17,3,0,4
0,141,2,0,0,50
0,160,4,1,0,42
0,145,0,0,0,5
0,70,9,0,3,70
0,175,3,1,0,30
0,121,10,1,2,47
0,87,92,15,1,47
0,66,40,26,0,20
0,90,73,10,5,48
0,85,72,7,1,33
0,88,31,2,0,13
1,67,41,12,3,40
0,81,79,7,1,33
0,94,31,2,0,12
1,63,45,12,3,41
0,92,72,8,6,48
1,70,40,12,3,40
1,66,44,12,3,41
0,67,8,0,0,4
0,84,61,5,0,42
0,88,58,9,3,61
0,105,84,3,0,26
0,88,82,2,1,36
1,73,75,6,1,42
0,102,86,3,0,28
0,86,84,1,1,38
1,73,75,7,1,42
0,89,57,9,3,59
1,74,71,6,1,39
1,73,71,7,1,39
0,85,1,0,0,24
0,86,2,0,0,21
0,77,0,0,0,21
0,60,3,0,0,42
0,27,5,1,0,48
0,33,1,0,0,14
0,56,3,0,0,43
0,32,6,1,0,47
0,35,1,0,0,13
0,78,0,0,0,21
0,31,1,0,0,14
0,33,1,0,0,13
0,39,22,7,0,25
0,54,23,5,2,18
0,61,15,7,1,17
0,59,10,3,0,12
0,59,23,16,1,21
0,47,31,18,1,38
0,61,10,3,0,11
0,59,25,14,1,23
0,44,31,17,1,39
0,62,17,9,1,17
0,48,30,17,1,38
0,45,30,16,1,38
0,44,70,28,0,37
0,56,61,18,0,26
0,36,33,13,0,34
0,1,15,4,0,16
0,0,0,0,0,1
0,0,0,0,0,0
0,1,9,3,0,14
0,0,0,0,0,1
0,0,0,0,0,0
0,35,31,13,0,33
0,0,0,0,0,0
0,0,0,0,0,0
0,64,40,14,0,35
0,74,17,19,1,17
0,75,24,12,1,23
0,69,21,9,0,10
0,86,28,8,0,23
0,67,41,11,1,35
0,70,18,6,0,8
0,85,35,9,0,25
0,73,40,11,1,32
0,73,26,12,1,22
0,65,41,11,0,35
0,71,40,11,1,32
0,82,78,10,0,35
0,80,72,9,2,30
1,84,57,8,8,62
0,68,45,10,1,23
0,92,76,12,2,36
1,97,42,3,4,65
0,69,43,9,1,20
0,94,72,12,2,35
1,97,42,4,3,64
1,83,53,7,8,63
1,99,37,3,4,61
1,100,37,4,3,60
0,69,14,2,0,29
0,11,34,6,4,51
0,79,20,2,0,51
0,40,17,0,0,30
0,36,32,1,0,45
0,93,29,0,0,29
0,44,13,0,0,29
0,37,28,1,0,44
0,94,29,0,0,28
0,80,21,2,0,53
0,90,29,0,0,27
0,90,29,0,0,26
0,86,4,1,0,15
1,116,12,2,0,23
0,70,12,1,0,27
0,81,10,1,0,15
1,85,10,1,1,40
0,0,0,0,0,0
0,77,9,1,0,15
1,84,10,1,1,41
0,0,0,0,0,1
0,66,13,1,0,27
0,0,0,0,0,0
0,0,0,0,0,1
0,85,0,0,0,3
0,104,4,0,1,53
0,113,3,0,0,20
0,134,0,0,0,4
0,133,5,0,0,19
0,147,3,1,0,29
0,132,0,0,0,4
0,129,5,0,0,20
0,145,3,1,0,31
0,113,3,0,0,16
0,145,3,1,0,28
0,144,3,1,0,30
0,45,50,19,1,29
0,56,53,23,1,31
1,32,45,40,0,22
0,103,10,3,0,5
0,95,23,4,0,9
1,65,26,6,1,5
0,102,11,3,0,4
0,97,21,3,0,8
1,62,24,3,1,6
1,32,45,41,1,21
1,69,28,6,1,5
1,66,26,3,1,6
0,47,6,0,1,19
0,42,7,2,0,55
0,72,9,0,0,20
0,67,6,0,0,3
0,88,12,0,0,23
0,104,9,1,0,32
0,67,6,0,0,3
0,93,12,0,0,21
0,96,9,1,0,34
0,72,9,0,0,21
0,101,8,1,0,35
0,92,8,1,0,37
0,54,3,0,0,28
0,40,10,0,0,14
0,80,2,0,0,8
0,21,8,0,0,37
0,63,2,0,0,3
0,13,6,0,0,35
0,39,13,0,0,23
0,37,4,0,0,6
1,74,7,1,0,9
0,38,19,0,1,41
0,96,4,0,0,3
1,70,2,1,0,5
0,44,19,0,0,42
0,98,5,0,0,3
1,69,4,1,0,6
1,73,7,1,0,9
1,71,5,1,0,7
1,71,7,1,0,7
0,0,4,1,0,34
0,0,14,0,2,40
1,0,18,2,0,53
0,31,1,0,0,29
0,32,4,0,1,32
0,1,4,1,0,56
0,31,1,0,0,26
0,33,5,0,1,31
0,3,3,1,0,56
1,0,18,3,0,52
0,0,3,1,0,57
0,2,2,1,0,58
0,104,6,1,0,26
0,73,0,0,0,25
0,150,3,1,0,8
0,76,1,0,0,27
0,44,4,0,0,31
0,53,16,0,0,59
0,73,1,0,0,30
0,47,4,0,0,30
0,52,17,0,0,61
0,152,3,1,0,8
0,52,16,0,0,60
0,51,17,0,0,62
0,0,124,44,2,30
0,1,82,41,0,35
0,50,45,24,2,7
0,0,95,32,3,28
0,54,29,12,0,11
0,68,70,19,1,9
0,0,98,31,3,28
0,59,29,14,0,10
0,67,70,18,1,9
0,49,48,27,1,7
0,68,71,22,1,9
0,66,71,21,1,9
0,32,1,1,0,20
0,58,5,0,0,11
0,79,1,0,0,7
0,84,1,0,0,0
0,83,0,1,0,1
0,21,1,0,0,0
0,81,1,0,0,0
0,87,0,1,0,1
0,20,1,0,0,0
0,80,1,0,0,5
0,21,1,0,0,0
0,20,1,0,0,0
0,97,11,0,0,28
0,58,11,0,0,57
0,61,18,2,0,25
0,82,8,0,0,14
0,78,34,2,0,59
0,58,17,1,0,77
0,85,8,0,0,14
0,81,34,1,0,57
0,50,18,3,0,82
0,58,19,2,0,26
0,56,20,1,0,77
0,48,21,3,0,82
0,144,9,1,0,16
0,116,4,1,0,20
0,115,2,0,0,9
0,142,3,0,2,9
0,141,2,0,0,9
1,93,17,1,1,34
0,139,3,0,2,10
0,147,2,0,0,7
1,96,16,2,1,32
0,114,2,0,0,10
1,91,17,1,1,36
1,94,16,2,1,34
0,70,27,6,5,12
0,96,26,7,5,16
1,69,19,3,4,19
1,84,23,5,4,13
0,99,34,2,5,19
1,89,26,5,3,18
1,40,2,1,0,30
0,56,3,1,0,15
0,66,2,0,0,26
0,67,0,0,0,21
0,53,0,0,0,32
0,45,0,0,0,13
0,64,0,0,0,21
0,53,0,0,0,31
0,44,0,0,0,15
0,65,3,0,0,27
0,43,0,0,0,13
0,42,0,0,0,15
0,101,0,0,0,11
0,158,1,0,0,23
0,131,5,1,0,47
0,89,1,0,0,41
0,54,6,0,1,60
0,111,6,1,0,57
0,86,2,0,0,41
0,57,5,0,1,57
0,109,6,1,0,59
0,132,6,1,0,44
0,114,8,1,0,57
0,112,8,1,0,59
0,100,12,2,0,7
0,101,7,0,0,16
1,65,30,5,0,32
0,77,5,1,0,13
0,103,4,1,0,17
0,111,9,0,0,18
0,77,6,1,0,13
0,103,5,1,0,17
0,111,10,0,0,17
1,63,30,5,0,32
0,109,10,0,0,18
0,109,11,0,0,18
0,53,28,7,1,18
0,66,38,13,2,30
0,72,57,9,0,34
0,81,9,2,0,16
0,85,48,5,0,33
0,77,44,17,0,26
0,82,9,2,0,16
0,83,46,5,0,34
0,83,40,16,0,24
0,72,58,10,0,36
0,77,45,13,0,26
0,83,41,12,0,24
0,50,13,8,0,24
0,44,43,24,3,44
0,6,16,7,2,58
0,68,20,11,2,22
1,86,23,15,0,12
0,51,29,25,4,31
0,69,18,11,2,22
1,83,23,16,0,13
0,53,29,28,4,31
0,6,17,7,2,56
0,53,28,23,3,33
0,56,28,26,3,33
0,122,4,0,0,5
0,108,6,0,0,30
1,141,5,0,0,22
0,104,7,0,0,27
0,122,6,1,0,16
0,152,3,0,0,8
0,101,6,0,0,27
0,126,5,1,0,15
0,147,3,0,0,8
1,140,4,0,0,21
0,149,3,0,0,10
0,145,3,0,0,10
0,120,3,0,0,1
0,114,6,1,0,14
0,141,1,1,0,4
0,131,8,0,0,1
0,73,2,0,0,2
0,107,1,0,0,12
0,142,8,0,0,1
0,77,2,0,0,2
0,107,1,0,0,12
0,138,1,1,0,3
0,110,1,0,0,12
0,110,1,0,0,12
0,35,1,0,0,0
0,58,1,0,0,4
0,64,0,0,0,5
0,53,0,0,0,0
0,131,18,21,0,23
0,115,26,22,3,30
0,124,14,26,0,18
0,107,12,16,0,21
0,0,15,0,0,26
0,0,9,0,0,17
0,0,28,21,0,13
0,0,8,4,0,22
0,59,18,2,0,15
0,74,11,8,0,19
0,19,9,4,0,11
0,72,2,2,0,4
0,0,24,12,5,36
0,12,7,1,0,35
0,0,11,7,3,54
0,79,6,1,0,6
0,0,14,3,0,20
0,0,7,2,0,17
0,0,13,2,0,32
0,0,22,30,0,18
0,121,15,50,0,15
0,103,14,21,0,9
1,60,33,63,0,31
0,90,26,36,0,8
0,105,54,90,0,14
0,119,39,46,0,20
0,60,54,61,2,24
0,139,41,61,1,9
0,0,196,0,0,40
0,0,193,0,0,49
0,0,219,6,0,28
0,0,222,1,0,37
0,84,4,0,0,5
0,109,1,0,0,0
0,95,1,0,0,4
0,103,4,1,0,0
0,0,6,14,0,31
0,0,2,1,1,28
0,0,11,16,0,22
0,0,6,1,0,23
0,78,2,0,0,5
0,133,6,0,0,5
0,30,2,0,0,0
0,87,4,0,0,1
1,0,4,2,0,2
0,0,3,0,0,2
0,0,0,1,0,1
0,0,0,0,0,1
0,67,4,0,0,15
0,0,5,0,0,26
0,119,1,0,0,1
0,26,4,0,0,23
0,63,16,77,0,23
0,90,29,86,0,21
0,57,19,18,0,8
0,74,22,31,1,12
1,0,2,0,0,22
0,0,14,13,0,8
0,0,5,0,0,17
0,0,5,3,0,21
0,0,293,3,0,19
1,0,257,4,1,23
0,0,241,3,0,23
0,0,281,3,0,19
1,0,14,10,0,10
0,0,0,0,0,0
0,0,5,7,0,21
0,0,0,0,0,0
0,52,12,22,0,23
0,53,0,0,0,0
2,27,20,22,1,57
1,75,4,2,0,26
0,0,14,53,0,14
0,0,9,27,0,20
0,0,0,1,0,0
0,0,9,7,0,10
0,91,4,0,0,0
0,92,0,0,0,2
0,7,0,0,0,1
0,28,0,0,0,7
0,86,2,0,0,2
0,123,4,0,0,5
0,94,4,0,0,4
0,93,3,0,0,2
0,45,38,45,0,71
0,70,8,2,0,7
0,48,29,26,0,55
0,42,0,0,0,0
3,0,7,0,1,26
10,0,17,0,1,28
2,0,7,1,0,23
5,0,18,1,1,30
14,0,20,2,1,45
0,0,4,0,0,30
7,0,8,0,0,47
1,0,4,0,1,13
0,105,20,38,3,21
0,118,14,22,2,24
0,117,16,21,0,16
0,100,40,22,1,25
0,66,8,0,0,11
0,83,1,1,0,0
1,0,31,11,1,79
0,22,17,8,2,50
0,78,9,0,0,9
0,106,1,0,0,0
0,80,8,1,0,14
0,99,3,0,0,1
